gyro,axis,reference,correlation
gyro1,x,baseline_x,0.7758723102890743
gyro1,y,baseline_y,0.4505270416267676
gyro1,z,baseline_z,0.43055563490757504
gyro2,x,baseline_x,0.683930158931107
gyro2,y,baseline_y,0.8684202741908393
gyro2,z,baseline_z,0.7523862728442748
gyro3,x,baseline_x,0.771414141457052
gyro3,y,baseline_y,0.8396332459423749
gyro3,z,baseline_z,0.645687435751232
gyro4,x,baseline_x,0.8194022622327046
gyro4,y,baseline_y,0.7727112902008373
gyro4,z,baseline_z,0.8167382750703491
gyro5,x,baseline_x,0.6683461513805345
gyro5,y,baseline_y,0.3601364983056683
gyro5,z,baseline_z,0.8179925395513182
gyro6,x,baseline_x,0.8115555430941183
gyro6,y,baseline_y,0.6134755471598468
gyro6,z,baseline_z,0.6428983494496205
gyro7,x,baseline_x,0.7302733706493902
gyro7,y,baseline_y,0.8588787408509932
gyro7,z,baseline_z,0.7816920654959405
gyro8,x,baseline_x,0.8816609556391471
gyro8,y,baseline_y,0.7827855973651372
gyro8,z,baseline_z,0.7893687461896749
