method,axis,mae,rmse,max_abs_error
basic_fusion,x,0.4471801705,0.5679249617496736,1.2147051249999998
basic_fusion,y,0.45674831625,0.5736239045260018,1.21581
basic_fusion,z,0.44226174325,0.5587944445029286,1.2032566249999999
imm_association,x,0.4475127032577081,0.568284511648966,1.2158856228124615
imm_association,y,0.4568585308078716,0.5736882767705527,1.2191883628318383
imm_association,z,0.4428225356951731,0.5593349663431265,1.2015759385209592
ekf,x,0.4473396347752388,0.5681267410813797,1.217048375657277
ekf,y,0.4568789359030593,0.5736687945347263,1.2195813810227016
ekf,z,0.4425186355141451,0.558987396876909,1.2016505594807076
