timestamp,ekf_x,ekf_y,ekf_z
0.0,0.0010655688893228311,0.0011276822309386396,-0.002054692001644567
0.005,0.002094752565504162,0.0006529626182500157,-0.0009177905982657877
0.01,0.0015413236507196885,0.000862552976206878,-0.00026469628893869895
0.015,0.000686323598767193,0.0011567991492962828,-0.0001768530386632474
0.02,0.00037716561716583693,0.0014530146528136936,1.134246338420518e-05
0.025,0.0002130293705886087,0.0014775009742947663,-0.00013505734566129769
0.03,-3.035393255324773e-05,0.0012392456874129659,-0.00044777100947490867
0.035,-0.00023303729513214172,0.001117186387471008,-0.0007335441628435422
0.04,-0.0003663667217816377,0.0010647584735148478,-0.001048902692517679
0.045,-0.0005289886176752599,0.0009968287223013077,-0.001409538871447681
0.05,-0.0006368993571743928,0.001006997907388291,-0.0016157480549098184
0.055,-0.0007075821600419432,0.0010189713773360962,-0.0019088756126187355
0.06,-0.000819978528913613,0.0010700544674354837,-0.002086180245096197
0.065,-0.0008871869417962974,0.0010632989837628115,-0.0022324436120388256
0.07,-0.0009081145328739379,0.000999496581297185,-0.002357171704229331
0.075,-0.0009040851073350303,0.0009400623040735158,-0.002476113139185883
0.08,-0.0008278505793252024,0.0009042201513874475,-0.0025608494865079793
0.085,-0.0007232046301513597,0.0008510900670142418,-0.002601032157000945
0.09,-0.0007117189435464351,0.0008011073067821782,-0.002642964845458081
0.095,-0.0007339244577968905,0.000771223662280633,-0.0026251482014671233
0.1,-0.0007709393263992956,0.0007337272855356748,-0.002570771190952581
0.105,-0.0008104962812268461,0.0007444357257182837,-0.0024994651850090877
0.11,-0.0007809857050953158,0.0007641819377538589,-0.002392870211771525
0.115,-0.0007519288275935176,0.0007621143617823382,-0.002263041296142392
0.12,-0.0006826862088933689,0.0007438409880714952,-0.00222465896550449
0.125,-0.0005961365024945356,0.0007426646994473552,-0.0021440955540655295
0.13,-0.0005080689872920935,0.0006981581175059159,-0.0020652999940078197
0.135,-0.00042796226048818267,0.0006751140505814062,-0.0019614821345921908
0.14,-0.00029955440916294316,0.0006834320672121472,-0.0018734222534387778
0.145,-0.00022200217097017672,0.0007095087178175081,-0.0017723731315416433
0.15,-0.00011302998502938748,0.0007073382585335117,-0.0016804025382530802
0.155,2.7207979331948977e-05,0.0006827734735089112,-0.0015467279669348953
0.16,0.00017432481826684838,0.0006943519046478817,-0.0014434617121083233
0.165,0.0003574058942218669,0.0007130864936165203,-0.001320388083273154
0.17,0.0005230015803973101,0.0007109109944928603,-0.0012761817795244644
0.175,0.0006202503051331672,0.0007096511201127097,-0.001246329817308205
0.18,0.0006725455659842082,0.0007142624022934749,-0.0011850598468986125
0.185,0.0007641712214285761,0.00073314391047632,-0.00113104790925625
0.19,0.0008219485222937479,0.0007851764555872574,-0.0010679178980584191
0.195,0.000860353785779269,0.0008338302943107546,-0.001019365041931782
0.2,0.0008970046939959003,0.0008912835300116198,-0.0009906459331571339
0.205,0.0009329569687548913,0.0009999462046363543,-0.000971225348074235
0.21,0.0009695641506905393,0.0011264675389218957,-0.0009434188569889122
0.215,0.0009982713573738085,0.0012234408268839687,-0.0008761342021987256
0.22,0.0010569034937595125,0.0012920333250261674,-0.0008205345407362271
0.225,0.0011097981047999477,0.0013463686997488053,-0.0008193188812662592
0.23,0.001197632841033523,0.0013860365051044173,-0.0007923712171343284
0.235,0.001314404276155684,0.001410647124991466,-0.0007598227627950742
0.24,0.0013692157030537305,0.0014407711613911862,-0.0007009294184262028
0.245,0.0014410357895538607,0.0015107556422080653,-0.0006928757800146541
0.25,0.0014801903855219056,0.0015563896211882805,-0.0006846884874700883
0.255,0.0015299949886397922,0.001571648453011181,-0.0006415196691403542
0.26,0.0015803013895363724,0.0015674042461981323,-0.0006032006951308528
0.265,0.0016581068328968237,0.0015788221993604994,-0.000579655145116889
0.27,0.001744619027423745,0.0015840939998464749,-0.0005537757263080242
0.275,0.0018025266107589593,0.0015641589028318379,-0.0005380690239389347
0.28,0.0018236495768409926,0.0015233795455851216,-0.0004815988269010536
0.285,0.0018539584858035978,0.0014893483464912217,-0.0004404249908989049
0.29,0.0019118538590121201,0.0014429392908053798,-0.00043020100446546295
0.295,0.0019538526101428415,0.0014538864117069462,-0.00040933066814843514
0.3,0.0019885420704698125,0.0014990283929575817,-0.00037799403169088
0.305,0.002022439793424705,0.0015289449675324296,-0.00032647310810547653
0.31,0.0020223917477765257,0.001536091064351776,-0.00030791763546722637
0.315,0.0020163470748673445,0.0015617145177942398,-0.000323698230281728
0.32,0.002021150001713435,0.0016071340275241135,-0.0003318239243058453
0.325,0.0020430220827782107,0.0016481723041808043,-0.0003309383337073728
0.33,0.002097231063095727,0.00165339194163756,-0.0003335302487268194
0.335,0.0021055264826379478,0.001694463807560306,-0.00029865438076847716
0.34,0.0020926559308123392,0.0017574968180265591,-0.0002663218216641575
0.345,0.0020608669716763073,0.001828055036781991,-0.0002435489487772304
0.35,0.002072499607750507,0.0019223613117172126,-0.00022960496297335086
0.355,0.002020295213096286,0.0020085862275109195,-0.00021555789738426687
0.36,0.0019516687877446678,0.002070876675306551,-0.00019398638570218888
0.365,0.0018648967019771522,0.002128605828103064,-0.00023621738126680704
0.37,0.001793809856852686,0.002209041829765207,-0.00028025181788899126
0.375,0.0017393244935900098,0.0022623120068740407,-0.00030759544444615157
0.38,0.0017064707849508297,0.0023170199607349265,-0.00037553163041894406
0.385,0.0016609219790815629,0.002343658701102571,-0.0004315232903162989
0.39,0.0016381459994485384,0.002354450580105531,-0.0005058476347047373
0.395,0.0015494398489421558,0.002377954688699869,-0.0006207615368964423
0.4,0.0014638348554369242,0.00236679465124944,-0.0007496025858613583
0.405,0.0014169643757820382,0.002376750237139389,-0.0008731687921813014
0.41,0.0013387786567653746,0.0023806702423680467,-0.0009564997918586956
0.415,0.0012526333637917456,0.0023766352749719963,-0.001037025926021418
0.42,0.0011413307739301937,0.0024031843745837343,-0.0010668510331836372
0.425,0.0010691169654073328,0.0024287036302188853,-0.0010941406008862743
0.43,0.001019051238517715,0.0024528374338482063,-0.0011018882866784426
0.435,0.0010071893384045135,0.0024690049576926777,-0.0010816098164030889
0.44,0.000986445181271558,0.002489425061725418,-0.001118802503086224
0.445,0.0009552564076546742,0.0025101921979989164,-0.0011408595861198878
0.45,0.0008510455040504572,0.002512111268456275,-0.0011812480637511103
0.455,0.0007416222123928715,0.0024744451643946663,-0.0012362035655110524
0.46,0.0006491608823421838,0.0024230820782158986,-0.0012938311300487674
0.465,0.0005321563691693755,0.002368880265807525,-0.0013461533552396592
0.47,0.0004148921271179371,0.002346991985528564,-0.0013818487383037929
0.475,0.00030144343200213164,0.0022925560094423855,-0.0014472425173616816
0.48,0.00018785213450500735,0.002230213822158322,-0.0015181980526824215
0.485,5.265565446476358e-05,0.0021719167815907594,-0.0015833177766027883
0.49,-8.537638533754227e-05,0.0020651433541433463,-0.0016658485585304367
0.495,-0.0002316327136797798,0.001955888747163315,-0.0017805621672421956
0.5,-0.0004027484228718213,0.0018430121001649202,-0.0018810730740797005
0.505,-0.0005634199742577005,0.0017408332346692237,-0.0019509537898215017
0.51,-0.0007250213770791051,0.0016439381013029631,-0.0020387522395316614
0.515,-0.0009093227907477995,0.0015336313808012618,-0.0021343652643592884
0.52,-0.0010712569482862662,0.0014378749725785162,-0.0021798441803407885
0.525,-0.0012228690046564782,0.0013055221304115485,-0.002250776011732544
0.53,-0.0013614336764018878,0.0011795874634868996,-0.002347200515139773
0.535,-0.0015455573024000142,0.0010970987764506092,-0.0024454235365769985
0.54,-0.0017072178476989443,0.001029996530606272,-0.0025478837701629065
0.545,-0.0018561991007746358,0.0009666619548588099,-0.0026686571902486086
0.55,-0.0020185001881572752,0.0008892844947351786,-0.002790840956838722
0.555,-0.002167640572597266,0.0008244048422863244,-0.0029046047817671288
0.56,-0.0023011495357907487,0.00071347869964701,-0.0030457222343353665
0.565,-0.0024661053138190655,0.0005377484325207991,-0.0031579695182447336
0.57,-0.002671791895354689,0.0003948670995356674,-0.003334722378107062
0.575,-0.002873611463093827,0.0002231448893968713,-0.003508728967482502
0.58,-0.0030835862448586986,9.239962165766435e-05,-0.0036688328955914624
0.585,-0.0033163017426098935,-3.9885725158894685e-05,-0.0038310189876085946
0.59,-0.0035153688873977877,-0.00017140758970754567,-0.004003792303259642
0.595,-0.0036759650775991374,-0.00033840179355805434,-0.004163744619869795
0.6,-0.003795540391771478,-0.0004770150514191135,-0.004307428700716474
0.605,-0.00391894682143349,-0.000577188493399934,-0.00446237243559816
0.61,-0.004050865027498884,-0.0006951870325176636,-0.004648232755175292
0.615,-0.004177261876479092,-0.0008588863846125517,-0.004822101631930797
0.62,-0.00427547112660756,-0.0010442383334734635,-0.004995824106035493
0.625,-0.0043654707618757185,-0.0012067651800162756,-0.005131535808313833
0.63,-0.004479955090578882,-0.0013228739530647285,-0.005225344125927095
0.635,-0.0045788670345583635,-0.0013909513254049721,-0.005347591607696205
0.64,-0.00463931060006808,-0.0014686910525554704,-0.005478740099558336
0.645,-0.004699450836112256,-0.001508032388976968,-0.0056475111772631295
0.65,-0.004762849946094932,-0.0015511808571180858,-0.005800971882822919
0.655,-0.004833301415936289,-0.00158452875918403,-0.005919839858108445
0.66,-0.004919008209522319,-0.0016116946537227648,-0.006071388730696245
0.665,-0.005040060586538032,-0.0016141169641045478,-0.006223084752118215
0.67,-0.005141351658135847,-0.0016331862003006303,-0.006332793963594612
0.675,-0.0052218148548164615,-0.001664890032919283,-0.006444512682212572
0.68,-0.005353805034905625,-0.0017050734159780722,-0.006628269190768639
0.685,-0.005503718672544178,-0.001745244360579091,-0.006828144760827667
0.69,-0.005617965115928006,-0.0017865306466816949,-0.007024420025725591
0.695,-0.005752563423258361,-0.001815954226327458,-0.007185530531264949
0.7,-0.005878874360968695,-0.0018361745139166157,-0.0073436886778424715
0.705,-0.005972593899539336,-0.0018912263425332997,-0.007463058437487107
0.71,-0.006044534597194827,-0.001967482214417742,-0.007596693010764709
0.715,-0.00611130723375058,-0.0020244599008326304,-0.007767946076715736
0.72,-0.0061618385083315646,-0.002032604677725066,-0.00790250239161382
0.725,-0.0062220578134321095,-0.0020708900404635884,-0.00797490958183854
0.73,-0.006272784421090797,-0.00214375830855666,-0.008009601403860379
0.735,-0.006345345208350531,-0.0022141405307718218,-0.008093611094261086
0.74,-0.006463501728096936,-0.0022490803562810087,-0.008139444347665298
0.745,-0.006599414652443557,-0.0022726294286597322,-0.008183507601668917
0.75,-0.00672396004090644,-0.0022618507596622785,-0.008230527908363624
0.755,-0.006848289777614844,-0.0022805917118348374,-0.008245806944865697
0.76,-0.007006708607961305,-0.002298187217927004,-0.008272342947791816
0.765,-0.007157152394707714,-0.002331204447045469,-0.008311112564756983
0.77,-0.007354103615910215,-0.0023647664928238836,-0.008358629355109554
0.775,-0.0075357968076356,-0.0024182464629422624,-0.008412995518183511
0.78,-0.007692606175397805,-0.002473382110288306,-0.008484903394921254
0.785,-0.007842026741934183,-0.0025310411250973183,-0.00856865550216406
0.79,-0.00797302418189959,-0.0025539571174221817,-0.008646959324689764
0.795,-0.008086501192252432,-0.0025897697546192087,-0.00875957895113374
0.8,-0.0081843849727091,-0.0026402226557017423,-0.008857717247872772
0.805,-0.008272088231198885,-0.0026822199048365286,-0.00894268028876825
0.81,-0.008368851638307256,-0.002703956599394138,-0.009015174630498219
0.815,-0.008503591961138273,-0.002688117696347917,-0.009050108207680369
0.82,-0.008646194547120454,-0.0027044034842420334,-0.009092211218396729
0.825,-0.008775748013882567,-0.0026894118509732125,-0.009130060360125349
0.83,-0.008896125871493304,-0.0027063204368832938,-0.009228474272090005
0.835,-0.009005514508534889,-0.002693699238435654,-0.009332818849790174
0.84,-0.009087140998515599,-0.0026663759461713157,-0.0094698713719293
0.845,-0.009184368497918262,-0.0026658023836539603,-0.009626906998613745
0.85,-0.009276356118410276,-0.0027050347593212637,-0.009799648846867287
0.855,-0.009328542619915583,-0.002760929625799968,-0.009933883060145678
0.86,-0.00940512967038114,-0.0027749469496514086,-0.010090072884965743
0.865,-0.00949195755913174,-0.0027828990071737383,-0.010238812262776616
0.87,-0.009592439491587836,-0.0027725023157731993,-0.01039756244834526
0.875,-0.009680929530132288,-0.0027322328273995593,-0.010569660403571138
0.88,-0.009776068645561724,-0.0026690260087075353,-0.01068996742126685
0.885,-0.009855357762589653,-0.002596527914948494,-0.010803842668185244
0.89,-0.009952074566589192,-0.002535302785439689,-0.010899687921061905
0.895,-0.010050701536543824,-0.0024656744368058135,-0.010968212877137132
0.9,-0.010161040722288234,-0.0024246653329019546,-0.011086794409235268
0.905,-0.010254982916983325,-0.002365549960145099,-0.011178494812188909
0.91,-0.010351103473947298,-0.0022947478548232575,-0.011284780677266524
0.915,-0.010420701124601563,-0.002215605193189825,-0.011398430915505816
0.92,-0.010501116998692545,-0.0021302714800348664,-0.011503923973202252
0.925,-0.010533515516556754,-0.002048449866863501,-0.01157650737699913
0.93,-0.010586917380954037,-0.0019322106473236955,-0.011651829416027139
0.935,-0.010623205985971919,-0.0018077964226033733,-0.011681028149304287
0.94,-0.010701716662747721,-0.001682395117620446,-0.011727024551327112
0.945,-0.010759966260087316,-0.0015790497132026492,-0.011782944694684178
0.95,-0.010834945682439036,-0.0014956798545231091,-0.011848642693597566
0.955,-0.010896889081525259,-0.0014229813024475013,-0.011850366940174039
0.96,-0.010930125370473557,-0.0013768032856730156,-0.0118412142742033
0.965,-0.01096479006426238,-0.001335734042903714,-0.011844131821838298
0.97,-0.011009414166416213,-0.0013004070318878105,-0.011807107956863546
0.975,-0.011033576062790155,-0.0012136920481577264,-0.011797180533890268
0.98,-0.011066232819814493,-0.0011144279693770156,-0.011807560863200684
0.985,-0.011078393881257578,-0.0010017141381798837,-0.011842451875992439
0.99,-0.011100070386099602,-0.0008699660232889362,-0.011869945057534099
0.995,-0.011097550180564077,-0.000748289170840019,-0.011902765619117576
1.0,-0.011097699803807079,-0.0006420328825141574,-0.0119678923687338
1.005,-0.011098301867632065,-0.0005518641002455757,-0.01203702350851084
1.01,-0.011115583067713628,-0.0004767425611035992,-0.012081803402558032
1.015,-0.011113413714519583,-0.0004029382487920393,-0.012093025266299545
1.02,-0.011097246162727455,-0.0003356702101253012,-0.012108051778892435
1.025,-0.011099124809955717,-0.00029169340814924876,-0.012116396544220082
1.03,-0.011038293888169449,-0.0002586856039133084,-0.012123012419379731
1.035,-0.011009224139582652,-0.00020856128681971494,-0.012137225464237272
1.04,-0.010997158029197165,-0.00017058743407852994,-0.012128202466274007
1.045,-0.011024513829374147,-0.0001350539430075001,-0.012145814763105982
1.05,-0.011074083320553627,-8.28135367964545e-05,-0.01219363197576816
1.055,-0.01114117202749018,-6.574274881540296e-05,-0.012278491499690309
1.06,-0.011187458869147652,-5.3994501750541755e-05,-0.012371437345380624
1.065,-0.01120472869593908,-5.307677183367246e-05,-0.012474375075642112
1.07,-0.011219546689038042,-7.347988708872545e-05,-0.012618436109673526
1.075,-0.011276407868828582,-8.171429362476823e-05,-0.012788655975363777
1.08,-0.011322090734773079,-8.27561460477031e-05,-0.012965966007845024
1.085,-0.011388434849259456,-3.84837027268467e-05,-0.01311701578108568
1.09,-0.011436564041419212,2.5565463875309573e-05,-0.013281057072774749
1.095,-0.011442130561265687,5.964409161297853e-05,-0.013417557761388183
1.1,-0.0114832573067676,6.210211615538541e-05,-0.013549068826132594
1.105,-0.011505263928256458,5.052043641263348e-05,-0.013651991845507905
1.11,-0.011542955677932095,3.44453597119789e-05,-0.013731458110079444
1.115,-0.011566324590827851,-1.4878070181586029e-05,-0.01378761478466228
1.12,-0.0115961382922074,-5.908879939040931e-05,-0.013839807191399593
1.125,-0.011645553876157939,-0.00011730076121800545,-0.013893385887455612
1.13,-0.011685221178712638,-0.00016949788964597124,-0.01395781354178119
1.135,-0.011725978591351507,-0.0002156082450610509,-0.014006345586505344
1.14,-0.011752507954636475,-0.0002368146151168945,-0.014022454723783837
1.145,-0.0117935184008435,-0.0002378318888611534,-0.01403616586294299
1.15,-0.011854618555949145,-0.00022016804373701344,-0.014058443353848572
1.155,-0.011920831196983575,-0.00018552554343646263,-0.01410396016341804
1.16,-0.01197768247209786,-0.00014404104999318513,-0.014097359333884847
1.165,-0.01201486326252936,-0.00012888345861430484,-0.014096159988373535
1.17,-0.01203948449473155,-7.598427243476314e-05,-0.014069342957849923
1.175,-0.012067756224004389,-5.616021935719356e-05,-0.014076294459060399
1.18,-0.012113061640153223,-1.539183459424559e-06,-0.014070568519990662
1.185,-0.012127544679632393,6.566045675209576e-05,-0.014105052218327389
1.19,-0.012177820930145402,0.00012191932200234597,-0.014109037638351201
1.195,-0.012228115031571292,0.0001522028974074099,-0.014104512863872392
1.2,-0.012312240313482927,0.00015190549726969924,-0.014098898109441692
1.205,-0.012399086323752076,0.00013406186673121,-0.014070455529841906
1.21,-0.012474309704071013,8.897978477113022e-05,-0.014039476392205076
1.215,-0.012574502416193921,1.7166181682624448e-05,-0.014017131629991703
1.22,-0.012682076090299485,-7.25511704921903e-05,-0.014053193220021317
1.225,-0.012836264919731648,-0.00013748159727348334,-0.014055001148801236
1.23,-0.012955041932127992,-0.00019740816134187372,-0.014037150897014156
1.235,-0.013093126595041268,-0.00027828736851902855,-0.014038466772198282
1.24,-0.013251739842273345,-0.00034985098202691787,-0.014038099498140706
1.245,-0.013400267111677015,-0.0004198852920730511,-0.014062200093286625
1.25,-0.013512743206222522,-0.0004970429245539066,-0.014066769275941438
1.255,-0.013594538429392861,-0.0005045010848043478,-0.01410633074604216
1.26,-0.013705480154886141,-0.0004963909282241539,-0.014132940162839587
1.265,-0.01379373357580774,-0.0004759649052836277,-0.014195327467241978
1.27,-0.013926072380747981,-0.00043377987269341923,-0.014234364343658875
1.275,-0.014049651023269837,-0.0004104369867525485,-0.0142557527739705
1.28,-0.014162280843536221,-0.00037533146997080605,-0.01427669963048994
1.285,-0.014250767824368418,-0.0003443252970266858,-0.014296598077732587
1.29,-0.014346615197260802,-0.00033976735057049016,-0.014337666731498293
1.295,-0.01444058290745043,-0.00035797727741741856,-0.01442799330724791
1.3,-0.014515797899346886,-0.00036748146546732014,-0.014524887963540173
1.305,-0.014587225973758179,-0.00039487967195633514,-0.014645544028013891
1.31,-0.0146698214641673,-0.000423727678832039,-0.014757318246531112
1.315,-0.014788821244125339,-0.0004745062013685109,-0.014863565949609948
1.32,-0.014956149676098686,-0.0005140168318591612,-0.014948099350328857
1.325,-0.01513605478347793,-0.0005283994773827317,-0.015040203261634055
1.33,-0.015259251194559441,-0.0005239110274157884,-0.015156290708723725
1.335,-0.015346252468097342,-0.000502145757882928,-0.015292946279401042
1.34,-0.015439056865299708,-0.00047548170549765854,-0.015455580025826856
1.345,-0.015502170983244799,-0.0005323244489717809,-0.015579095952323183
1.35,-0.015522414044401125,-0.0005635766639432107,-0.015656632941796627
1.355,-0.015530069402322667,-0.0005979057318745731,-0.01575587711658466
1.36,-0.015523388577199088,-0.0006116294629119939,-0.015879793413730435
1.365,-0.01556053939559369,-0.0006260996549853722,-0.016004743032106385
1.37,-0.015552987221209968,-0.0006474682083862437,-0.016114170604214783
1.375,-0.015570666306050373,-0.0006437993325599796,-0.016224922547309676
1.38,-0.015582403350823613,-0.0006248773186339634,-0.01629658143898052
1.385,-0.015602506784947153,-0.00061016210611864,-0.016345612246125213
1.39,-0.015618821472418427,-0.0006158929499959658,-0.016404375531086632
1.395,-0.015631579594413275,-0.000616263550848466,-0.01642060896214351
1.4,-0.015610524447635585,-0.0006110842173590331,-0.01639713590137709
1.405,-0.015593379512397837,-0.000647905986243421,-0.01642767266912127
1.41,-0.015589791860211234,-0.0006703223757793099,-0.016495320401275212
1.415,-0.01562009898596188,-0.0006721877209400552,-0.016557789437296074
1.42,-0.01564273436335512,-0.0006472166202316521,-0.016617185877885753
1.425,-0.01566989250426817,-0.0006254240615791749,-0.0166323017272064
1.43,-0.01567665017837819,-0.000628427666980565,-0.0166602240231785
1.435,-0.015662798632308156,-0.0006133537646589284,-0.01667659543076558
1.44,-0.01566271734427028,-0.000584908908868951,-0.01668485252067933
1.445,-0.01567630890706799,-0.0006338635345250311,-0.016650666172609588
1.45,-0.01567150325464587,-0.0006841080486232182,-0.016659217469931157
1.455,-0.01567803591463359,-0.000700371390499156,-0.016679499701407894
1.46,-0.015716649197216166,-0.0007378419022256142,-0.01667446079038684
1.465,-0.015766647833061493,-0.0007914821945673614,-0.016665600272857274
1.47,-0.015807014532423426,-0.0008153448720495876,-0.01668437140402763
1.475,-0.015853687374793174,-0.0008029151514928175,-0.01666578782014697
1.48,-0.015877396472715733,-0.0008083947690274193,-0.016644095036797382
1.485,-0.015881011001159805,-0.0008520319547972205,-0.016623961128921116
1.49,-0.0158489881541347,-0.00088986743540065,-0.016584056925567466
1.495,-0.015834785881377662,-0.0009287609813694885,-0.016572186424314787
1.5,-0.015804902408978454,-0.000954525997409708,-0.016586382135678066
1.505,-0.01582246463044471,-0.0009798481486308864,-0.016623309874100736
1.51,-0.0157862296984877,-0.001024019816038924,-0.0166338214668718
1.515,-0.01572516844838225,-0.0010546493093300292,-0.016654892325705984
1.52,-0.0156411157462955,-0.0011095713880371464,-0.016688551880173718
1.525,-0.015564120970606695,-0.001185551368759079,-0.016735705754989328
1.53,-0.01551769405758359,-0.0012468664290012645,-0.01679612734753974
1.535,-0.015483711028023896,-0.0012994616710916812,-0.016832182613384657
1.54,-0.015488534247046189,-0.0013140217185845303,-0.016865495177083457
1.545,-0.01549759177116425,-0.0013650193504820935,-0.016908552362612173
1.55,-0.01551371707229776,-0.0014146019971163454,-0.016905686340870963
1.555,-0.015492018605562747,-0.0014910690752187223,-0.016881429423857352
1.56,-0.01548259138918392,-0.0015624751004548042,-0.016837912578284417
1.565,-0.01546089854060042,-0.001622633724039351,-0.01679654772432291
1.57,-0.01544251722009913,-0.0016190972985936918,-0.016754620513738418
1.575,-0.015405739685564693,-0.001583443495902866,-0.01670629043807091
1.58,-0.015347885390985038,-0.0015523350581851643,-0.016667876439361528
1.585,-0.01529235377196745,-0.0015135098132525553,-0.01657121248982314
1.59,-0.015268078981208523,-0.0015225575953089824,-0.016443855936348298
1.595,-0.01523093029375817,-0.0014914107373497382,-0.016310624696515928
1.6,-0.015181137212606251,-0.0014533108450754484,-0.016237314075593756
1.605,-0.015131240192983604,-0.0014127771822202832,-0.016146436664310575
1.61,-0.015036613800715987,-0.001377651593059634,-0.016036992316542573
1.615,-0.014933787544603614,-0.0013318686243657739,-0.015965156300853288
1.62,-0.014820186906056628,-0.001258676095352642,-0.01589365329448417
1.625,-0.014723618598431043,-0.0012060686262745802,-0.015840942940446044
1.63,-0.014672441181506023,-0.001129960663164956,-0.015770520474522626
1.635,-0.014594960777839975,-0.001078292881710008,-0.015707855773884467
1.64,-0.01451581519102543,-0.0010274002934188308,-0.015671993819774414
1.645,-0.014451508191485756,-0.0009874495483567069,-0.015661775624842847
1.65,-0.014405982240999557,-0.0009637673906901711,-0.015657613414043498
1.655,-0.014361631971643786,-0.000952012933221555,-0.015600781961776021
1.66,-0.014290698736327434,-0.0009317727843112028,-0.01554062511061921
1.665,-0.014215935713321845,-0.000855612140114476,-0.015445024000597243
1.67,-0.014156150122784776,-0.0008172405631674234,-0.015327174478803296
1.675,-0.014071889733850873,-0.0007450515274794883,-0.015250740304847635
1.68,-0.013998745264932683,-0.0007103290268911317,-0.015165784089492792
1.685,-0.013920110688675621,-0.0007050016129308361,-0.015091451866768118
1.69,-0.013819886805416752,-0.0006616145086681918,-0.015033528477973242
1.695,-0.01375707432616538,-0.0006193554313275946,-0.01494881326386544
1.7,-0.013682022810463695,-0.0005912706170135336,-0.014860285109882332
1.705,-0.013620153943714368,-0.0005549613081221751,-0.014764543971711957
1.71,-0.01361679218124187,-0.0004935589291749319,-0.014675719967313936
1.715,-0.013643326491281407,-0.0004388056168876291,-0.014634218951940333
1.72,-0.013647047348928593,-0.00038358361867227124,-0.014615354429391414
1.725,-0.013671428112000065,-0.00033052945304050873,-0.014566567997654272
1.73,-0.013682769259389122,-0.0002761512650030204,-0.014520506454678908
1.735,-0.01365505955758862,-0.0002237180166883584,-0.014488655047846206
1.74,-0.013626005728809112,-0.00017508202920510726,-0.014466224316795435
1.745,-0.013605022548325761,-0.00014026362585613526,-0.014434668324937923
1.75,-0.013622268336042903,-8.880311873162979e-05,-0.014432498635018026
1.755,-0.01364883784305992,-5.377483004113646e-05,-0.014431449211327699
1.76,-0.013623234819680472,1.007670525289332e-05,-0.014390735143998676
1.765,-0.013576459093112836,0.00010245678369729758,-0.014351034105886373
1.77,-0.013519058182619965,0.00015138996739822726,-0.01432484497568074
1.775,-0.013450339633197458,0.00020211695381150082,-0.014329112700920774
1.78,-0.01336236795639729,0.00029582005503150455,-0.014329818269650536
1.785,-0.013266932268355933,0.0003674793540085635,-0.014301985674801523
1.79,-0.013145700201476056,0.0004462948580257654,-0.014273066656769145
1.795,-0.013015520636056497,0.0005515185500418304,-0.014228246045472093
1.8,-0.012878729341818537,0.0006549553250753763,-0.014205431387480405
1.805,-0.01273659418025233,0.0007776997381947836,-0.01419451650044504
1.81,-0.012611343163239619,0.0009068377342900439,-0.014152526226011774
1.815,-0.012457075913327707,0.0010676423667088193,-0.014156809507825892
1.82,-0.012296763145027345,0.0012381908438950026,-0.014161160411055657
1.825,-0.012146520806132623,0.001435153996814328,-0.014169417316962366
1.83,-0.011979387861271427,0.00159935745803697,-0.014156342389781305
1.835,-0.011814312625124427,0.001777241937388752,-0.014160324986292702
1.84,-0.011642162405305115,0.0019437138030492826,-0.014148649928287372
1.845,-0.011480311131727853,0.0021474080593093174,-0.014152173155959926
1.85,-0.011310396297957125,0.002316829901824322,-0.014125904083204004
1.855,-0.01119334566653624,0.0024553489103051173,-0.0140577757913987
1.86,-0.011061599992100029,0.0025834063965614724,-0.013992375398759591
1.865,-0.010904391298634561,0.002731412638749729,-0.013922334705030896
1.87,-0.010752744744127992,0.0028991254190570406,-0.013811816398876353
1.875,-0.010581241075430214,0.003049391420703913,-0.013709192738466054
1.88,-0.010382549637967779,0.003192091745850345,-0.013610133924024744
1.885,-0.010182506677045206,0.0033785513092632912,-0.013507928981537855
1.89,-0.010005392222001235,0.0035771032319240437,-0.013436365129745735
1.895,-0.009794886288006682,0.0037344433442259707,-0.013376139657230538
1.9,-0.009592819786738134,0.003875423668171762,-0.013301857233162585
1.905,-0.009394840251563369,0.003991784909823267,-0.013244764929613946
1.91,-0.009189408420732634,0.00415051111958961,-0.013215990615358218
1.915,-0.009021972147888987,0.0042804330236094,-0.013194129445681392
1.92,-0.008820641343881936,0.004357778040725675,-0.013186526682666337
1.925,-0.00862038237486859,0.00438820124550714,-0.013174522821656025
1.93,-0.008409027868074731,0.004411236914981978,-0.013167200851906948
1.935,-0.008181351899397974,0.00440791471950522,-0.013173131067995354
1.94,-0.007995799793433704,0.004425643065464417,-0.013225191963516156
1.945,-0.007834617140571085,0.004415615652734157,-0.013240797825334518
1.95,-0.007691652779989453,0.004413742478027144,-0.013222555429473348
1.955,-0.007612493947494367,0.004406938939249896,-0.013232689433842688
1.96,-0.00748338604388535,0.004383347583560892,-0.013274703586054903
1.965,-0.007376188614985243,0.004361884270641942,-0.013307991009529918
1.97,-0.007275069391973366,0.00436471446797736,-0.013317163318034448
1.975,-0.007168076388166416,0.004374951099250578,-0.013337801731666838
1.98,-0.007089027205548293,0.0043864641986360925,-0.01334782406524145
1.985,-0.007051648754634933,0.004387841417690868,-0.013382667102560671
1.99,-0.0070233084929686475,0.004393213383329982,-0.013417498249431985
1.995,-0.006974815053334347,0.004379475487365058,-0.013457315510629769
2.0,-0.006913248938651584,0.004429018590013295,-0.013523272183914723
2.005,-0.006819823851703643,0.004490551104964532,-0.013626470604929157
2.01,-0.0066767673074282965,0.004551660530745262,-0.013679979692857365
2.015,-0.006556252651444201,0.004623487865432267,-0.013708481363215815
2.02,-0.006451848605502442,0.004662664608302773,-0.013728683013835693
2.025,-0.006374474798608524,0.004707621568904385,-0.013728220891836982
2.03,-0.006283847247089913,0.004714868412306488,-0.013713069384164514
2.035,-0.006205211696207071,0.00471726551972869,-0.013648457374383645
2.04,-0.0061512455381848114,0.00470130735806843,-0.013572595362084298
2.045,-0.006130918865841437,0.004695092088365016,-0.013561314978753212
2.05,-0.006103409272968579,0.004717172127733265,-0.013564208389285144
2.055,-0.006079034901142377,0.004729791314753167,-0.013601814854747462
2.06,-0.006092110722999436,0.004725564830798568,-0.013672714503398698
2.065,-0.006113534409677494,0.0047089605282910575,-0.013791111463460489
2.07,-0.006165577272503508,0.004669602535873649,-0.013933706942835123
2.075,-0.006201631916170932,0.004635795329825544,-0.014076280422143934
2.08,-0.006288546297086783,0.004591940496964347,-0.014192451651830506
2.085,-0.006339305001832574,0.004537418525094141,-0.014302062291785211
2.09,-0.006364580434204864,0.004471160111415777,-0.014382997144540787
2.095,-0.006377852734142223,0.00438314602266368,-0.014428883843965633
2.1,-0.006383279205029026,0.004322939958292961,-0.014469017890710704
2.105,-0.006424080166093532,0.004251490723910875,-0.014524711364031814
2.11,-0.006465680583635252,0.004186221696552672,-0.014562563368085346
2.115,-0.006530468330256325,0.004115700737862397,-0.014581030741635245
2.12,-0.006571068909334316,0.004037869294613755,-0.014621364521000166
2.125,-0.006621398419905517,0.003973369398191907,-0.014647236994209802
2.13,-0.006686696479507203,0.003931304374505097,-0.014668377931617646
2.135,-0.0067553019297165815,0.003880890390783046,-0.014696527712275524
2.14,-0.006828301366394985,0.003851502919929203,-0.014741681955724416
2.145,-0.006870913735537259,0.0037985615644128713,-0.01477197897980817
2.15,-0.006928859372448095,0.0037343785336265097,-0.014841980881700436
2.155,-0.007015946666070173,0.003653818376659037,-0.01490458517666864
2.16,-0.007116584429831545,0.0035579352707292744,-0.014950616411712025
2.165,-0.007191498595664514,0.003444543224384753,-0.01500173877013586
2.17,-0.0072943539825990195,0.003332270315958697,-0.015080257030133356
2.175,-0.007397744516277613,0.003232235452125057,-0.015177776802269456
2.18,-0.007463774563232632,0.0031351869803466106,-0.01526877541453596
2.185,-0.0075456129203176625,0.003041899598523088,-0.015335511864011822
2.19,-0.00766589207412479,0.002961823945596909,-0.0153808936219314
2.195,-0.007812096629432481,0.0028774987368889973,-0.015448534525803692
2.2,-0.007952418698199066,0.0028069592460166467,-0.01555014723849405
2.205,-0.008093048451088814,0.0027596766204220718,-0.01565298086121024
2.21,-0.008213768717841746,0.002690388633808098,-0.01575251758657992
2.215,-0.008318679981909572,0.002626056403158106,-0.015862260510488172
2.22,-0.008420790615866055,0.002534795374831069,-0.015921174588354743
2.225,-0.008527841913053318,0.002496353584842776,-0.01597372951258958
2.23,-0.008664093291180171,0.0024544958969820617,-0.01604481417033254
2.235,-0.008806472471593987,0.0024024028469416523,-0.016090549514901006
2.24,-0.008913307020093426,0.0023277420846616477,-0.016147186527205863
2.245,-0.009022361367203253,0.0022780682082786316,-0.016171653264448364
2.25,-0.00913013683471954,0.002243517277223919,-0.016183882858701516
2.255,-0.009244816613381196,0.0021984728710255867,-0.01618254501346729
2.26,-0.00934361444534373,0.0021576265801117613,-0.016168809710514948
2.265,-0.009431071120688524,0.0021609839308267494,-0.01615099881172831
2.27,-0.009470582778271846,0.002178756099547694,-0.016127555047051385
2.275,-0.009454649196461828,0.0021986639117268607,-0.016113813800235497
2.28,-0.009464664221336044,0.002234442137163027,-0.016030091654532386
2.285,-0.009472218720543409,0.0023328127424219066,-0.015951141172147992
2.29,-0.00945305340643455,0.0024384841726924292,-0.015856786276563027
2.295,-0.009419583891498568,0.002572135652385379,-0.015779983006971154
2.3,-0.009346051241356342,0.002706634229752964,-0.015682457951258583
2.305,-0.009241233231384906,0.0028407973500632682,-0.015591375560660587
2.31,-0.009152650469912576,0.0029716899718874854,-0.015535947150397297
2.315,-0.00906333195238835,0.003061091038527887,-0.015464574879267032
2.32,-0.008953358418360266,0.003131690365541089,-0.015393440887122484
2.325,-0.008881672232988844,0.003172964285300603,-0.015341008287112932
2.33,-0.008836419456827544,0.003170015999597053,-0.01530044967802331
2.335,-0.008824129759675316,0.0031482561245016892,-0.015267764302511306
2.34,-0.008801556617707226,0.0031491453759386716,-0.015241501925830419
2.345,-0.00875360675148533,0.0031202749574585163,-0.015233887585448207
2.35,-0.008686746230584148,0.003091741102571426,-0.015210522866008115
2.355,-0.008645647707638572,0.003076379407011578,-0.015178103528256793
2.36,-0.00857173973395002,0.0030505405612785185,-0.015162034975373355
2.365,-0.00855064305467989,0.00301126654789436,-0.015145638241819269
2.37,-0.008494140519668212,0.002973401723683696,-0.015134026600266083
2.375,-0.008452338852564084,0.0029329031258827987,-0.015110668081763952
2.38,-0.008398907135206652,0.002892821379724066,-0.015082841872079733
2.385,-0.008378572713991252,0.0028248505173355263,-0.015061010713255798
2.39,-0.008360615750166181,0.0027667302220535004,-0.015080207601088637
2.395,-0.008328991313452938,0.00275052434434904,-0.015111775036903263
2.4,-0.008294491243242214,0.002710493507250957,-0.015145164780212963
2.405,-0.008243383469835285,0.002682408729203884,-0.015183931794161838
2.41,-0.008225333760712779,0.0026427097303085532,-0.015197740488965229
2.415,-0.008182955260793266,0.0026420527664454607,-0.015223624216416789
2.42,-0.00815027343036865,0.0026837663840237514,-0.015217436906686251
2.425,-0.008093696906230652,0.002713951680544496,-0.015207107842207841
2.43,-0.008036731083496826,0.0027473182527897396,-0.015180575843936726
2.435,-0.007962420612359923,0.0027766217018153445,-0.015128745014619046
2.44,-0.007897045812449795,0.0028246321395125826,-0.01507463469259433
2.445,-0.007862589252818079,0.0028893292931059912,-0.015026189840818783
2.45,-0.007867237835122977,0.002953405369686935,-0.014968909137236572
2.455,-0.007862073868340936,0.002982077038440207,-0.01486606220010345
2.46,-0.007856318697326612,0.0030489244438370445,-0.014759295270045202
2.465,-0.007850940495230555,0.0031308273930260623,-0.014668248359478641
2.47,-0.007852662547736089,0.0032045594613198595,-0.014555094172157224
2.475,-0.007842182098932745,0.0032602503278088635,-0.014434695560917508
2.48,-0.00781047297865311,0.003343809945041152,-0.014291077961853622
2.485,-0.007797623572653381,0.0034406931300648325,-0.014171468154739377
2.49,-0.007803801292859682,0.003516956519107835,-0.014079056051836163
2.495,-0.007762346399549191,0.0035623655934769877,-0.013991287857602534
2.5,-0.0077482124058445845,0.003574200782714691,-0.013913253290738097
2.505,-0.0077554635908659115,0.0035606551264759805,-0.013830687343184076
2.51,-0.007773380960294162,0.0035651284909945444,-0.013764305337008193
2.515,-0.007760934061727121,0.003520050367380776,-0.01369025699961911
2.52,-0.007739010910923807,0.0034379837341105206,-0.013645513653714149
2.525,-0.00775428699187611,0.003381876306148134,-0.013599093547119
2.53,-0.0077931262847541405,0.003333689315125623,-0.013571074828166439
2.535,-0.007821635928984244,0.0033175311268280453,-0.013540002959108705
2.54,-0.007852467320350977,0.0033075007484209902,-0.013492590509419635
2.545,-0.00784470897143797,0.003299984586375216,-0.01345824941944357
2.55,-0.007886697681510187,0.0032819745969151735,-0.01344445613197918
2.555,-0.00792156489428697,0.003282824677951251,-0.013434023999735627
2.56,-0.007976714271235261,0.003271342212517752,-0.013445977686520734
2.565,-0.008058259468700093,0.003254050768405815,-0.013460089198719096
2.57,-0.008158743481995481,0.003216279004761343,-0.01349894011606495
2.575,-0.008248816048829294,0.0031686559384240262,-0.01354332223585265
2.58,-0.008313997373330844,0.0031023316581490117,-0.013569590355092875
2.585,-0.008379111334549426,0.003044899321052359,-0.013599207218577164
2.59,-0.00843924302101491,0.0029715292612980124,-0.01359024441876881
2.595,-0.008499456186302722,0.0029328598297861212,-0.013577064505723914
2.6,-0.008572450830087069,0.0028661179008091114,-0.01354071501690318
2.605,-0.008648589915300327,0.002809874878363203,-0.0134895064789253
2.61,-0.008729987618245526,0.002739683355382363,-0.013434242070139218
2.615,-0.00881737858154036,0.0027043016197295304,-0.013372075705590599
2.62,-0.008904546458552836,0.0027026519720181256,-0.013279162922869247
2.625,-0.008958990214753475,0.0026928061024340793,-0.013202867827014986
2.63,-0.009042812939725385,0.0026668510689706625,-0.013105930623099456
2.635,-0.009065284853624405,0.0026341244171875578,-0.01303357653581001
2.64,-0.009060418661786817,0.002629139661605923,-0.012959684791933036
2.645,-0.009048245208706677,0.0026355705267315887,-0.01288599782375294
2.65,-0.00900584379813331,0.0026362262199118034,-0.012821745748926226
2.655,-0.008917004101412574,0.0026455585662812564,-0.01276765658051117
2.66,-0.008841112849417123,0.002642473718513414,-0.012726024085568487
2.665,-0.008760865782736098,0.002654662961766887,-0.01270219305245036
2.67,-0.00870941206933949,0.0026986290571697196,-0.012675759053191335
2.675,-0.008675048206154494,0.0027453885557356694,-0.012641029738223777
2.68,-0.008633028257726352,0.0027784095218596505,-0.012632125563059777
2.685,-0.00859575139715531,0.00282845603739669,-0.012626529204276716
2.69,-0.00856027703489465,0.0028784959670953123,-0.012615446147513979
2.695,-0.008550116097569144,0.00291458114725173,-0.012572495902613745
2.7,-0.008562634197884264,0.002976873535050563,-0.012571390939758426
2.705,-0.008584457134675498,0.0030417758017626142,-0.012561035886834866
2.71,-0.008594905849453527,0.0030656110690113975,-0.01256463442375655
2.715,-0.008621708978654994,0.003053528494858976,-0.012593207580170093
2.72,-0.00866658320780499,0.0030358512478680846,-0.012643097646539593
2.725,-0.008693075448889505,0.002956797621668937,-0.012678582957047853
2.73,-0.008704448251174187,0.0028362609208609528,-0.012730473557985646
2.735,-0.008692152954927182,0.0027217735712969245,-0.012765446275988591
2.74,-0.00875847129084937,0.002596740683640255,-0.012805349661441898
2.745,-0.008819014773229156,0.002450531371318189,-0.012855053857494548
2.75,-0.00887636888056702,0.002310646038236026,-0.012940772588559503
2.755,-0.008936112921502846,0.0021790849350073714,-0.013011510197489624
2.76,-0.009004721600042289,0.0020588620842461225,-0.013134507806816702
2.765,-0.00906377461974314,0.0019688241127543264,-0.013235215484765632
2.77,-0.009090381379319327,0.0019024628808119502,-0.013301718328751603
2.775,-0.009138797669922701,0.0018411330440236138,-0.013361286938200736
2.78,-0.009192745049016912,0.0017953417086829693,-0.013367104426928584
2.785,-0.009249864876426175,0.0017677703617933493,-0.01335887636642995
2.79,-0.009304790545921517,0.0017411799825704107,-0.01338150918733925
2.795,-0.009366865652989631,0.0017105817542673021,-0.013395481700818394
2.8,-0.009442741039332698,0.0016810447909059495,-0.013417237548090542
2.805,-0.009506843334807908,0.0016834576095820914,-0.013445496537919077
2.81,-0.00952449380749228,0.001660680741308128,-0.013498016470615633
2.815,-0.009517832468270348,0.0016592779416879895,-0.013555526164804032
2.82,-0.009528880657480312,0.0016565884907578934,-0.013609524422568388
2.825,-0.009603050691360394,0.001634523978891214,-0.013652171767390628
2.83,-0.0096481146529921,0.0016172857794872386,-0.013699844636712576
2.835,-0.009684104140912102,0.0016034091908900827,-0.013757344327659226
2.84,-0.00970307915478493,0.0015326093503993633,-0.013827942499384066
2.845,-0.009701540113678617,0.001426855171250053,-0.013920057865846703
2.85,-0.009707348934123486,0.0013672049150375066,-0.013996428435983171
2.855,-0.009754408939488837,0.0013306353335434636,-0.014067445091738856
2.86,-0.009822714841988597,0.001307016853035911,-0.014153260241890805
2.865,-0.009861520804359442,0.0012837392815274351,-0.014229179734992015
2.87,-0.009893990533282266,0.0012439144488668832,-0.014274894668845241
2.875,-0.009933067360743715,0.0011708393478712502,-0.014393944476276888
2.88,-0.009987600527184826,0.0010673551656287855,-0.014503075521859959
2.885,-0.010024617772571865,0.0009726834228646236,-0.014572713011640537
2.89,-0.01003588698940541,0.0008607708834533248,-0.01463442903839349
2.895,-0.01006062048363993,0.0007435015409996163,-0.01468821679903729
2.9,-0.010072935562512526,0.0006592883202566006,-0.01474816175780818
2.905,-0.010071899432567626,0.0005494690021775713,-0.014819380518409366
2.91,-0.010061148282406993,0.0004423470169180031,-0.014921438303255373
2.915,-0.010046687670265321,0.0003591877642994966,-0.015007103948461206
2.92,-0.01003000553603574,0.00027397669174273557,-0.015097308623599264
2.925,-0.00999087582186373,0.00017731709950171283,-0.01518159373571393
2.93,-0.009943989688938736,8.089469893418943e-05,-0.015267338593435207
2.935,-0.009910198386402464,-1.2143591741817515e-05,-0.015361898686584463
2.94,-0.00985013575233236,-0.00012408641417017128,-0.015430193806250988
2.945,-0.009825174906111008,-0.00023970226138600545,-0.015485811427206909
2.95,-0.009811926904827758,-0.00032295404224957404,-0.01556728885314518
2.955,-0.009819896697081838,-0.00038893968256361293,-0.015679374465660117
2.96,-0.009809961375601708,-0.00047735868965572044,-0.015772323598377953
2.965,-0.009789044587704193,-0.0005521695848714922,-0.015879794073382567
2.97,-0.00977331379695851,-0.0006587045654730497,-0.015976514795827672
2.975,-0.009753490107292602,-0.0007841822344728031,-0.01610108864366678
2.98,-0.009760090621090975,-0.0008801352573403237,-0.01623685817534915
2.985,-0.009785603966787768,-0.0009721248111523468,-0.016381763433879787
2.99,-0.009832544709670514,-0.001023673490156388,-0.016501841479060825
2.995,-0.009911901671610998,-0.0010669456770407435,-0.016647734413959784
3.0,-0.009958554515672808,-0.0011083131856744841,-0.016833148911925902
3.005,-0.010001225088995586,-0.0011616592458057362,-0.01701441932490025
3.01,-0.010075063203953743,-0.0012246578480519393,-0.017214338235386033
3.015,-0.010161885744222202,-0.0012511674975927407,-0.017405419942848072
3.02,-0.010224329032979948,-0.0012812689383856321,-0.017575914579672086
3.025,-0.010270344565908649,-0.0013107499477118343,-0.017702616522884827
3.03,-0.010329038536522587,-0.001375845718264344,-0.017816058697540292
3.035,-0.010372297841422419,-0.0014329041270971885,-0.01790939540648661
3.04,-0.010457546884338625,-0.0014947483685324664,-0.017984728866603197
3.045,-0.01055451389577902,-0.0015243262196536615,-0.018034180495196204
3.05,-0.010638371444416076,-0.0015624632921783328,-0.018086516803971078
3.055,-0.010696123381073322,-0.0015769972150559233,-0.018127606132897395
3.06,-0.010770353302399277,-0.001603916753454583,-0.01817110379396748
3.065,-0.010821659389375226,-0.0016301322230811448,-0.018196452904983753
3.07,-0.010867267723737377,-0.0016915373992990833,-0.01821486228978246
3.075,-0.010868197429489416,-0.0017838960691806897,-0.018214787249399976
3.08,-0.010836532491603816,-0.0018960960762351305,-0.01823182913520235
3.085,-0.010788772665148381,-0.0020257641184153632,-0.01826830412531885
3.09,-0.010757786131229463,-0.002132605303489547,-0.01833333405765933
3.095,-0.01073306323346405,-0.0022119370692842226,-0.018380438387810748
3.1,-0.010711932659860743,-0.002316185369211558,-0.018418287384602133
3.105,-0.010692876438874167,-0.0024166223690677887,-0.018483561972196083
3.11,-0.010677233712129563,-0.0025143498929062033,-0.018560014254141433
3.115,-0.010663767231527269,-0.0025992700037045548,-0.018628461091214573
3.12,-0.010691642110770437,-0.0026876096433064863,-0.018701912597883077
3.125,-0.010749599312830316,-0.0027452298461981264,-0.018753147089222686
3.13,-0.010797745265069658,-0.002838901107978536,-0.01882839623396696
3.135,-0.010816175350441343,-0.0029262000272407083,-0.018905570664646217
3.14,-0.010832953271359377,-0.0029508669424881625,-0.018989591267560862
3.145,-0.010875921949602586,-0.0029486344141745943,-0.019055915615944913
3.15,-0.010928262531799184,-0.0029400728685582155,-0.019154484217315033
3.155,-0.010998487851092139,-0.0029585815737222104,-0.019249954680884966
3.16,-0.011044486834956948,-0.002942181100518829,-0.019337983412980323
3.165,-0.011127935266385806,-0.0029322343314218857,-0.0193834290783893
3.17,-0.011159962587433812,-0.0029506014384466837,-0.019434453893627537
3.175,-0.011188859072972403,-0.0029621540684319422,-0.019466019519570568
3.18,-0.011190628809239348,-0.002979455577462572,-0.019502109448982768
3.185,-0.011241637050944768,-0.0030170362249419343,-0.019552131429191683
3.19,-0.011317357723577318,-0.0030340424116891574,-0.019652517515025388
3.195,-0.01142879736522392,-0.0031098133481035233,-0.019754998313595118
3.2,-0.011505165098852254,-0.0032180174645259404,-0.019873780066721858
3.205,-0.011573873362788326,-0.0033258401352605654,-0.019976927509883335
3.21,-0.011637246623049897,-0.0034628669370926463,-0.020113338926304177
3.215,-0.011686178422607633,-0.003600085822180003,-0.02021043111873907
3.22,-0.011748670575482944,-0.003709874224444992,-0.020279193753514273
3.225,-0.011808156798529023,-0.0037976405664136743,-0.020359161337212377
3.23,-0.011864324605759202,-0.003906623484655687,-0.020423676582966288
3.235,-0.01191315868141789,-0.0040290613438009335,-0.02049299954105012
3.24,-0.012006115409364889,-0.004112786320577503,-0.02052570508448477
3.245,-0.012110442499771503,-0.0041590973061995115,-0.02060265446574109
3.25,-0.012214676803479511,-0.0041889989830629455,-0.02069597612146607
3.255,-0.012323953730994533,-0.004225706004275327,-0.02078398284050566
3.26,-0.012449562703088451,-0.004261097454309481,-0.020848481661178725
3.265,-0.012540708061628218,-0.004283043546312773,-0.020872290243835367
3.27,-0.012587963656483039,-0.004327968698667599,-0.02090402813913142
3.275,-0.012619615472102087,-0.004340024310744611,-0.020962119126613506
3.28,-0.012665163258321144,-0.004343063200256223,-0.02101618144079138
3.285,-0.01266927397937443,-0.004323402077595405,-0.021032363471603092
3.29,-0.01266105620454683,-0.004282228368515663,-0.02107479251175724
3.295,-0.012686257200153879,-0.004239873690868415,-0.02107622434917352
3.3,-0.012750990300597509,-0.004197107638007935,-0.02108233638709379
3.305,-0.01278629221484696,-0.004130331956864054,-0.021116798369881565
3.31,-0.012827865342514094,-0.004091759649061023,-0.021160483657376175
3.315,-0.012897989674724978,-0.004056169731603489,-0.021194262096311263
3.32,-0.012922449647383576,-0.004040482186160687,-0.021234211109397168
3.325,-0.012980899344274006,-0.00396859987471717,-0.0212790303103793
3.33,-0.013017159297500842,-0.003916948749479231,-0.021334143836972002
3.335,-0.01302969498342547,-0.0038970665218032298,-0.021402725430032948
3.34,-0.013049016995639533,-0.003892278018798627,-0.02147592889082303
3.345,-0.013075771002191046,-0.003915252248755404,-0.021525602949902297
3.35,-0.013089952502883551,-0.003939425498492386,-0.021581205884865392
3.355,-0.013107548381801346,-0.003999074997351993,-0.021651879819190454
3.36,-0.013134629012636397,-0.0040530546302437525,-0.021750380658828047
3.365,-0.013169153097852512,-0.004157568708418865,-0.021874679489653954
3.37,-0.013204666366970496,-0.00428939129162187,-0.02202493996328681
3.375,-0.013255560985280631,-0.004414242640125655,-0.02220322312755804
3.38,-0.013347185294074946,-0.004537198302488331,-0.022360095387588694
3.385,-0.013390240578976611,-0.004670757261215727,-0.02250387671595944
3.39,-0.013465450512560734,-0.004819982783268761,-0.022614748054370082
3.395,-0.0135374372090722,-0.004936665875431903,-0.022682960088522372
3.4,-0.013647690540426114,-0.005004870812123692,-0.02274765928131385
3.405,-0.013738416234720588,-0.0050576831675777515,-0.022796209399746865
3.41,-0.013784911283370182,-0.00509531646535462,-0.022780902564058503
3.415,-0.013814332547916199,-0.005112830082425344,-0.022729410725810466
3.42,-0.01380214369173153,-0.005146526849824675,-0.02267934507508598
3.425,-0.013729207685062061,-0.005207356657535444,-0.022652249119927338
3.43,-0.01364905183674513,-0.0052443403583350605,-0.02259511819577845
3.435,-0.013541445898256777,-0.005302085253446789,-0.02254406440170787
3.44,-0.013422468156506571,-0.005313212829177281,-0.022494232239750986
3.445,-0.01329261804619865,-0.005321699369838202,-0.02240713777089589
3.45,-0.01317843795733982,-0.005347530780570506,-0.022317748744913834
3.455,-0.013056889099059525,-0.005361718019139759,-0.022247221663459393
3.46,-0.012952484516246305,-0.005340235306464132,-0.022180065211364515
3.465,-0.012888822673077149,-0.005306920078402051,-0.022092745759567045
3.47,-0.01282638365752601,-0.005288631106383195,-0.022018474808263744
3.475,-0.01278080842761506,-0.005257804253741233,-0.021946922806663497
3.48,-0.012752914389052962,-0.005243524023958601,-0.021907264868491774
3.485,-0.012747537874932798,-0.005245671414024382,-0.02188479382376766
3.49,-0.012759337719651159,-0.0052935648444588585,-0.021885974448498435
3.495,-0.012793583584780232,-0.005357715432149029,-0.021911680833081322
3.5,-0.012824748449663866,-0.005436533900595523,-0.021945006226234208
3.505,-0.012834875390191238,-0.005524822255809599,-0.021994042021691713
3.51,-0.01285600155585879,-0.005603544633167228,-0.02201632186841503
3.515,-0.01285714011966304,-0.005654766860640936,-0.022077195649329927
3.52,-0.012855815852176418,-0.005708691259213682,-0.022168768945662262
3.525,-0.012849190465295085,-0.005755842601533915,-0.02226728823517492
3.53,-0.012817268354454108,-0.0057966871966444785,-0.02238388099851071
3.535,-0.01275370163442596,-0.005817230331323702,-0.02246795998959772
3.54,-0.012651323763139455,-0.005852376479450008,-0.02257007911260408
3.545,-0.012540725713667345,-0.005873086955106499,-0.022664228617087022
3.55,-0.012455321236933683,-0.0059024389224442775,-0.022789493788867906
3.555,-0.012403438700099457,-0.005968926439169295,-0.02289643372212756
3.56,-0.012316578002331475,-0.006068522308542531,-0.02297928491179929
3.565,-0.012252225709743427,-0.0061590322634154995,-0.02307317685606917
3.57,-0.01217304496913284,-0.006261666491189557,-0.02318160328548905
3.575,-0.012103080212581099,-0.006379275748380138,-0.023304442493994392
3.58,-0.012078804556843573,-0.006484112352582798,-0.023447141031365117
3.585,-0.012112937468221834,-0.006578157609960698,-0.02353841519067771
3.59,-0.012162485929110756,-0.006695686196302139,-0.023648095838911667
3.595,-0.012184367661706766,-0.006797191272806247,-0.023787054202370317
3.6,-0.012235841755341552,-0.006903500735594574,-0.0239347568568948
3.605,-0.012291161534003945,-0.007021309751867969,-0.024044075777662176
3.61,-0.012372995549622727,-0.007135322776925726,-0.024128112135438532
3.615,-0.01243177033918049,-0.007264198768293018,-0.024226044419531696
3.62,-0.01250888230616954,-0.007382513812119428,-0.02433974559445927
3.625,-0.01264471547125488,-0.007504592283823619,-0.02444390864279331
3.63,-0.012786467588369316,-0.007676543543888205,-0.024504653636635735
3.635,-0.012901225695069936,-0.007822137670174227,-0.024574620112440534
3.64,-0.013020483677743545,-0.007922523667288963,-0.02460613129179943
3.645,-0.01315423111710025,-0.008008696076296222,-0.024654908462725944
3.65,-0.013284280993172644,-0.008103277422900918,-0.02469492149467486
3.655,-0.013398310404311527,-0.008172895878241333,-0.02474046879869893
3.66,-0.013517821116522884,-0.008255012459684581,-0.024786270703264772
3.665,-0.013652218594578285,-0.008370952031070767,-0.024805151000950088
3.67,-0.01375619434249068,-0.00847034572417991,-0.024798514800778278
3.675,-0.013860094041677344,-0.008575913276711547,-0.024796421330282734
3.68,-0.013974411435794105,-0.008686730116784282,-0.02480074813455329
3.685,-0.014045768310878665,-0.008782891967997853,-0.024822269858533204
3.69,-0.014135349148015163,-0.008854122868219648,-0.024835592194711244
3.695,-0.01417582755514383,-0.008931377578834635,-0.024825388824226195
3.7,-0.014218360866848545,-0.008972675818918531,-0.02482155884689626
3.705,-0.014278082956577818,-0.009001697001761162,-0.024808590441997146
3.71,-0.01430141717099522,-0.009053722259761553,-0.024780972191993277
3.715,-0.014283292599674823,-0.009131294830864816,-0.02472269480919864
3.72,-0.01425359184296006,-0.009230255427092693,-0.024694875082016763
3.725,-0.014256964624559547,-0.009282467486189137,-0.02466729386237079
3.73,-0.014282354943855146,-0.009286885926767493,-0.024635272229562785
3.735,-0.014333761597260578,-0.00931201818837725,-0.024573189392008008
3.74,-0.014369212234445499,-0.009315560036761488,-0.024513897634305535
3.745,-0.014452113873344427,-0.009276983824988467,-0.024454924703574615
3.75,-0.01456508543548139,-0.009247920523189568,-0.02437933384222112
3.755,-0.014698675962155081,-0.009231002693919972,-0.024333100130409954
3.76,-0.014836829886863412,-0.009235537876008955,-0.024323949777099074
3.765,-0.014980229963702855,-0.00923529948239098,-0.02431213044593789
3.77,-0.015094253472620453,-0.009224204471725192,-0.02425805855539229
3.775,-0.01518834891207556,-0.009204594713756429,-0.024200693320711435
3.78,-0.015259052653134608,-0.009149880343786122,-0.02411628000538561
3.785,-0.015280412737917632,-0.009093778411568469,-0.02401704305295368
3.79,-0.015262216210273223,-0.009018729974657285,-0.023914724169031395
3.795,-0.015223612636287184,-0.008893540083330558,-0.023810062216267306
3.8,-0.015141377706379806,-0.008775362543241213,-0.02369055333876831
3.805,-0.015059836014483591,-0.008690085890984973,-0.023546380447808456
3.81,-0.014956020469292057,-0.008595518695931285,-0.023408728658672818
3.815,-0.014888427323773467,-0.008473907084552184,-0.023299392862269876
3.82,-0.014815920258013492,-0.008325753932517908,-0.023186786650694905
3.825,-0.014721566220252166,-0.008181580424699573,-0.023073711809197397
3.83,-0.014626130340298879,-0.008043017779498816,-0.02293037906480875
3.835,-0.014527745645414541,-0.007925620321032998,-0.022833044405497334
3.84,-0.014438484052964785,-0.007845184053097006,-0.022770663893774818
3.845,-0.014342785693186179,-0.007749015702111528,-0.022752436969077056
3.85,-0.014268147740765373,-0.007669938227142679,-0.022736399214145532
3.855,-0.014187961724655945,-0.007602287586389465,-0.022708034401932344
3.86,-0.014104373863376908,-0.007497707037494234,-0.022658470696094345
3.865,-0.014016748948262537,-0.0074166360686025974,-0.022585710686855446
3.87,-0.013874215868373462,-0.007354667615115473,-0.02251573652334424
3.875,-0.01371380831474317,-0.007244667451546158,-0.02243885343060497
3.88,-0.013514480125314601,-0.0071241158254775954,-0.02234029165815038
3.885,-0.013304073837362202,-0.007007819831299647,-0.022262538213597055
3.89,-0.013069109037627398,-0.006945684476520563,-0.022176622917607695
3.895,-0.012887059253231435,-0.006863649655612781,-0.022040024412996632
3.9,-0.012698788330961478,-0.006769918450532741,-0.0218916443456881
3.905,-0.012501599908386453,-0.0067192576431267005,-0.021766097720914566
3.91,-0.012267035021361677,-0.006667907401676501,-0.021662499634284
3.915,-0.012002558136356466,-0.00661996857136539,-0.021571072343598206
3.92,-0.011777024793047163,-0.006550052132379276,-0.021434791659362736
3.925,-0.011573081356762459,-0.006486826735118202,-0.021286069001231516
3.93,-0.011355653584142084,-0.006454643019556859,-0.02114839505865416
3.935,-0.011121253844768371,-0.006397600899717344,-0.021030672206809785
3.94,-0.010902059956349627,-0.0062809205021259204,-0.020927100194954192
3.945,-0.010717624471097873,-0.0061601194899521625,-0.020807784175738364
3.95,-0.010522205853480737,-0.00604563075251724,-0.020658596696157498
3.955,-0.010329113852392735,-0.0059143265088909555,-0.020511889328865045
3.96,-0.010184568145608735,-0.005808458760564079,-0.02035124365515865
3.965,-0.010071852654642497,-0.005757301439032575,-0.020224689341535828
3.97,-0.009942778562174426,-0.005717532734352598,-0.02008734568549352
3.975,-0.00980700894714743,-0.005684584026471126,-0.019978514826784432
3.98,-0.00965853199146226,-0.0056699626778203855,-0.019861507473544482
3.985,-0.00955514952930853,-0.005637826788423037,-0.01977346682372451
3.99,-0.009464384336791856,-0.005599175483840928,-0.01965156116286652
3.995,-0.009386326408799184,-0.005571834894338305,-0.01952447047921135
4.0,-0.009261745453917258,-0.005526158060190206,-0.019420790586072278
4.005,-0.009158180151646472,-0.00552548308966314,-0.019323637024684957
4.01,-0.009022576881735746,-0.0055399537151555175,-0.019229679519113925
4.015,-0.008912878370880697,-0.00556647866001405,-0.019151443980821595
4.02,-0.00881951159791445,-0.00558952124671383,-0.019072615970448042
4.025,-0.008692828828132635,-0.005565799480070561,-0.01900072572038981
4.03,-0.008557870456521045,-0.005534492252656084,-0.01888679967160485
4.035,-0.008389379824857568,-0.005496363401698934,-0.01877554565450766
4.04,-0.008231574955184747,-0.005463529022039884,-0.018668913604132045
4.045,-0.008076820983992405,-0.005397507271060627,-0.018581204289548094
4.05,-0.007930316887119064,-0.005335035762815308,-0.0185213687711752
4.055,-0.007767956022056353,-0.005295395510273723,-0.018466475177290217
4.06,-0.007622999709647189,-0.005270348405019915,-0.018398225134584723
4.065,-0.00749590823239584,-0.0052262467307302544,-0.018377221425176078
4.07,-0.007355594771487716,-0.0051683663565549745,-0.01835604831347462
4.075,-0.007211125902492189,-0.005140301365084739,-0.018329343217324816
4.08,-0.007049457271060919,-0.005137677907858436,-0.018306580780061185
4.085,-0.006912204755849631,-0.005108198051945963,-0.01831610166060859
4.09,-0.0068291170695012424,-0.005102946750569049,-0.01831912112351856
4.095,-0.006774229696819161,-0.00510100543202177,-0.018320658465286733
4.1,-0.006729608534435849,-0.00509751700163246,-0.018305372639943657
4.105,-0.006684612021494255,-0.005067118014870151,-0.018300882158327442
4.11,-0.006665201238987425,-0.005053080466154317,-0.01829520783474034
4.115,-0.006616164601404297,-0.005020585980400263,-0.018297209569922968
4.12,-0.00655468037114359,-0.005019767651948012,-0.01831690734189189
4.125,-0.006513613221199862,-0.005025354187218454,-0.018342036842084405
4.13,-0.006465808539451728,-0.005039333432606219,-0.01839745435072037
4.135,-0.006407344687094436,-0.005092302514111907,-0.018445355856112917
4.14,-0.006348797497504061,-0.0051709838648009016,-0.018493374297674354
4.145,-0.006290827236661318,-0.005246594194571613,-0.01853041605731834
4.15,-0.006243932067930737,-0.005362008417865266,-0.01854785246679184
4.155,-0.00623501050235961,-0.00547654916129375,-0.018554112059473535
4.16,-0.006276894163341407,-0.005586123379359869,-0.01857625196887044
4.165,-0.006327053495866363,-0.005708293745411786,-0.018622704925244888
4.17,-0.006375881860705417,-0.005826837415140266,-0.01868542396383992
4.175,-0.006432252075761368,-0.00595832290856911,-0.018737518250164516
4.18,-0.006510283544009476,-0.006045519973785922,-0.01879545539100529
4.185,-0.0066135233009736736,-0.006141646428589067,-0.018888252100012465
4.19,-0.006714653754549673,-0.006248797705232936,-0.018964393417793154
4.195,-0.006769130768963223,-0.0063371947353920086,-0.019008815993566353
4.2,-0.006811063994199599,-0.006415393954612644,-0.01906712359135686
4.205,-0.006837848238100559,-0.006475973854612401,-0.019119497430258894
4.21,-0.006847827995261892,-0.006523616544866135,-0.01914228380243984
4.215,-0.0068301530263020155,-0.00655307753786975,-0.019189021631552956
4.22,-0.006798727797183876,-0.006559820679463347,-0.019252373655031803
4.225,-0.006748473201647373,-0.006595622237306007,-0.019336538130957148
4.23,-0.006694116232895276,-0.006631457968101868,-0.019376674723555854
4.235,-0.006612323933866675,-0.006659748019954303,-0.01940889244713702
4.24,-0.0064590138543012795,-0.006659581068584251,-0.019428877698021603
4.245,-0.00629416108194607,-0.006672118581987778,-0.019421300578908444
4.25,-0.006107608442777534,-0.006658517321840431,-0.019395691480718524
4.255,-0.005940482169462198,-0.0065980508312173695,-0.019406901683539854
4.26,-0.005793195535176659,-0.006560581557099023,-0.019410432312297436
4.265,-0.00564254977803551,-0.006511957295601045,-0.01939119208708349
4.27,-0.005485469821913393,-0.006467176588557375,-0.01938898398699155
4.275,-0.005270376275613858,-0.006403791511405014,-0.019373514997409
4.28,-0.005050151837600817,-0.006343515069552727,-0.019347360712585002
4.285,-0.004832630616888178,-0.006263041909708529,-0.019306383959291063
4.29,-0.004622450886625897,-0.006194430887128112,-0.019228752851818135
4.295,-0.00438924217971522,-0.006127868062356985,-0.019163210120699478
4.3,-0.004158597346788034,-0.006059417051636728,-0.019116755659183703
4.305,-0.003991462196253756,-0.00595497596889622,-0.019085598279908453
4.31,-0.0038687028759683906,-0.005851760157002044,-0.019041361738718208
4.315,-0.0037950828453001927,-0.005741450894859646,-0.01902700566038159
4.32,-0.0037384687032829414,-0.005632852992564429,-0.019019618009601665
4.325,-0.0036463744838603736,-0.0055544462497942124,-0.018989984768227268
4.33,-0.0035664154547426414,-0.005493258821629684,-0.0189608693914879
4.335,-0.003484119343473155,-0.005437668071508521,-0.01897823278097467
4.34,-0.0034312244217187125,-0.005410190810239478,-0.018932462863101147
4.345,-0.0034057708900003,-0.005397580558194012,-0.01892335143761138
4.35,-0.003385930541659257,-0.005386404671426223,-0.018930651472568238
4.355,-0.003347204625880058,-0.005354895046643632,-0.018939757878125994
4.36,-0.0033288770714159192,-0.005331406997223076,-0.018971776452788146
4.365,-0.0033056549286327648,-0.005296472714424752,-0.01896197072167103
4.37,-0.0032647363559638698,-0.005255094607848128,-0.018934181614270067
4.375,-0.0032474730775786114,-0.005210148596760625,-0.018951571886502074
4.38,-0.0032856856995807744,-0.005184041109694329,-0.018959629134382403
4.385,-0.003329770984629793,-0.005198247380329541,-0.018931776021096546
4.39,-0.003372420751242117,-0.005218612996717467,-0.018926298349462606
4.395,-0.0034110899902404447,-0.005238418385647301,-0.018935953711479447
4.4,-0.003436571773423234,-0.005229000460616468,-0.01894792530249314
4.405,-0.003482923222019984,-0.005222727475943026,-0.01896657206519489
4.41,-0.0035478328543909095,-0.005221580910704131,-0.018993497071505747
4.415,-0.003634831996291711,-0.005219870788829179,-0.019038744726572087
4.42,-0.0037470213591917017,-0.005234612872455541,-0.019098914398186027
4.425,-0.0038430651792339,-0.0052485943301548545,-0.019148899230790217
4.43,-0.003992597380961289,-0.00526235047907421,-0.019228247752135722
4.435,-0.004187081205044004,-0.005255498861763577,-0.01927513988615602
4.44,-0.00441958866195379,-0.005268577247795363,-0.019369994217061082
4.445,-0.004658744169126888,-0.005306614394069511,-0.019483990529990954
4.45,-0.004862233261752374,-0.005366898166523045,-0.019590272490594838
4.455,-0.005037039141218896,-0.005424614232712524,-0.019716413918140486
4.46,-0.005231486019334282,-0.005489867205171842,-0.019885256220774437
4.465,-0.0054232966346130064,-0.005569052987706681,-0.020040425890128628
4.47,-0.005602707040198391,-0.005627958531101499,-0.020171109587732827
4.475,-0.005793145075666853,-0.0057010398498896254,-0.020345823764973684
4.48,-0.00600350378893634,-0.00580207023358626,-0.020504327915899397
4.485,-0.006192296940189339,-0.005912469029935436,-0.02065796904036606
4.49,-0.006413849638257954,-0.006017900473428056,-0.020752906794932104
4.495,-0.006662936261432025,-0.006101035664315462,-0.020905629655370905
4.5,-0.006879624342722857,-0.006193618977298415,-0.021022440519292345
4.505,-0.007095342404495971,-0.006301335025217882,-0.021155342237535568
4.51,-0.007308705775036384,-0.006420656496127891,-0.021278841211044043
4.515,-0.007532781269939275,-0.006551736665602202,-0.021436266199498427
4.52,-0.0078057876978400755,-0.006701359682047182,-0.021552678970844112
4.525,-0.00804097301432849,-0.006861737344483402,-0.021665810189250994
4.53,-0.00824102482331605,-0.006966989502656567,-0.021758962822275255
4.535,-0.0083932261334653,-0.007085626235216651,-0.02180057743957728
4.54,-0.008551311316101718,-0.007213663324841339,-0.021849358602455668
4.545,-0.008714281827143159,-0.007367256289284656,-0.021912529085814515
4.55,-0.00892076581821989,-0.007538062212543218,-0.021982794585531283
4.555,-0.009139224634806606,-0.0077151906273045905,-0.022044828425139964
4.56,-0.009329207393619112,-0.00788576492048351,-0.022111912799024244
4.565,-0.00949415490877915,-0.008026208724376262,-0.02221368849512574
4.57,-0.009628443584018091,-0.008169216339401843,-0.022309532446382792
4.575,-0.009753233816923905,-0.008307899546747401,-0.022379146339627086
4.58,-0.009937569195943132,-0.00842452724290994,-0.022408451937355425
4.585,-0.010066566803655828,-0.008536634687779038,-0.022442180522145364
4.59,-0.010141244981633699,-0.008671755298766879,-0.022487818139083283
4.595,-0.010224091067435031,-0.008790461132124621,-0.022521397661353984
4.6,-0.01029286332095098,-0.008883518345845701,-0.02253579755574683
4.605,-0.010318963061072812,-0.008970158259215813,-0.02259123405307284
4.61,-0.010372017220468363,-0.009090460682269362,-0.022644548034252997
4.615,-0.010430522502516141,-0.00918347357530103,-0.022747721331463647
4.62,-0.010473915321352296,-0.009273582122793281,-0.022827536980119387
4.625,-0.010545500511656014,-0.009348499828677501,-0.022913017908052957
4.63,-0.010623441432692863,-0.009410052475230302,-0.02300362933422586
4.635,-0.01072185831559199,-0.00947398982719417,-0.023083190936358768
4.64,-0.01085037648286583,-0.009568086039104121,-0.023140824052435782
4.645,-0.010917906476641018,-0.009624466677183297,-0.0231860585025363
4.65,-0.010944754519311786,-0.009707363742681777,-0.0232463541973308
4.655,-0.010982212373646109,-0.009786892687357914,-0.02331605445462066
4.66,-0.010955454800043927,-0.009893778336652904,-0.023348519743883613
4.665,-0.010953169629332772,-0.0099499126188644,-0.023356980792267924
4.67,-0.010948468267449094,-0.009983353905067731,-0.02337251552917379
4.675,-0.010936394507481484,-0.010005573187964202,-0.023344739519908793
4.68,-0.010889997052011621,-0.01002971654335563,-0.023310828769143182
4.685,-0.01080554447813616,-0.010051921597813788,-0.023265240575295096
4.69,-0.010713408070739913,-0.010087813357452366,-0.02321537471528593
4.695,-0.010615988246121505,-0.010121071265786416,-0.0231734053522577
4.7,-0.010533482531826448,-0.01014296555673541,-0.023166490654551505
4.705,-0.010451616316041815,-0.01011035383763542,-0.023178927658463622
4.71,-0.010369116734403005,-0.010096527375876612,-0.023180127628621504
4.715,-0.010241254791508286,-0.010076943088405918,-0.02313508699711363
4.72,-0.010098157151400876,-0.010044285376532777,-0.023050066118769988
4.725,-0.009934256746421672,-0.010010443301483513,-0.022966745692500647
4.73,-0.009818710853382715,-0.009955372890098317,-0.02289605252912752
4.735,-0.009712703504004112,-0.009879899482669981,-0.02279787419185963
4.74,-0.009650940157248298,-0.009780839869314656,-0.022705620462972316
4.745,-0.009627333115550517,-0.009698738375910431,-0.02261268710707779
4.75,-0.009605827917465582,-0.009650702387977876,-0.02250601272727388
4.755,-0.009622699781899537,-0.009622204349701177,-0.022412838819619908
4.76,-0.00962342152660603,-0.009576804548890403,-0.022341150659180478
4.765,-0.009621509148863328,-0.009545984072028382,-0.022290998085842218
4.77,-0.009617158626416098,-0.009507058450229686,-0.022251876210277244
4.775,-0.009662219818715512,-0.009453609073611669,-0.022223806707722598
4.78,-0.00971899922976615,-0.009383042988692707,-0.022153215947076314
4.785,-0.009797466634499468,-0.009311053335779605,-0.022118878865121476
4.79,-0.009861478564209877,-0.009243044642016819,-0.022069025889650325
4.795,-0.009922733263334807,-0.00916124831934528,-0.02203763373048542
4.8,-0.00993417381642779,-0.009072099384295484,-0.022044933032709144
4.805,-0.009942122260201114,-0.009006588169412327,-0.022028851062452143
4.81,-0.009954771137520902,-0.008929503746950765,-0.02197389483601562
4.815,-0.009955690162451663,-0.008857776879473148,-0.021896772557354754
4.82,-0.00996918002999529,-0.00879899182318859,-0.021803863775911998
4.825,-0.009985736659275,-0.008727572156674367,-0.021720949679087023
4.83,-0.009995144838839988,-0.008666370285374621,-0.021625112479787944
4.835,-0.009987031755662866,-0.008600898030877626,-0.021577035455728012
4.84,-0.009961601931392311,-0.00852144268066188,-0.021491223416969286
4.845,-0.009961633846338469,-0.00845233254886655,-0.02144514949993147
4.85,-0.009920462084607402,-0.008418202352418995,-0.02141235167794047
4.855,-0.009871649128052043,-0.008381559439773163,-0.02137166903183173
4.86,-0.009828002813610766,-0.008348795210163809,-0.021335451176723808
4.865,-0.009804006262909278,-0.008302173362735917,-0.021319883181079788
4.87,-0.009772749028392915,-0.008243155530843201,-0.021344728010911137
4.875,-0.009737152549874537,-0.008179327393560119,-0.02135105428114757
4.88,-0.009711785806715272,-0.008127737290524408,-0.02134926218351729
4.885,-0.00967798050568118,-0.008088094192860384,-0.021355559818099303
4.89,-0.009646270717185074,-0.008028403506806999,-0.021386486541113876
4.895,-0.009653843459514134,-0.007957388342586361,-0.021445472181743825
4.9,-0.009705783526504475,-0.007919101960255406,-0.021528953197010824
4.905,-0.00973884180873268,-0.007859255463616566,-0.02161458783194096
4.91,-0.00979393734641128,-0.007858842517402102,-0.021687444898571124
4.915,-0.009822856264056767,-0.007867083908471876,-0.021733477364073592
4.92,-0.009828855751427586,-0.007832912737109485,-0.021770171144557458
4.925,-0.009809354286567732,-0.007814975862411361,-0.021835124526762284
4.93,-0.009812168473267614,-0.007756462608797415,-0.021883025576801794
4.935,-0.009775803019741475,-0.007694023502982851,-0.021900678767423926
4.94,-0.009730019846733412,-0.007623881384091738,-0.021945428102620918
4.945,-0.009686725281991325,-0.007515742454486224,-0.021996990582292493
4.95,-0.009646417634198049,-0.0074097135567279,-0.022022702397944297
4.955,-0.009609615812818096,-0.007325965982566611,-0.022072844208285286
4.96,-0.009533926763953714,-0.007252292438477808,-0.022145668405900563
4.965,-0.009399185795214494,-0.0071711248496696715,-0.02220691334762499
4.97,-0.009269857644370797,-0.007081531391979632,-0.02224365468326216
4.975,-0.009120762309038537,-0.006963750814924899,-0.022271450428543973
4.98,-0.008941353137806422,-0.0068715491791603535,-0.02228879004771267
4.985,-0.008723550800367446,-0.006789712228084789,-0.022306275264356537
4.99,-0.00851571562726384,-0.006693307570304165,-0.022333154205596093
4.995,-0.008294173661307339,-0.0066264843558376495,-0.022355154622658677
