estimate,axis,bias,mae,rmse
gyro1,x,-0.04071494,0.07193312,0.08482395771207565
gyro1,y,-0.037357150000000006,0.06881681,0.08403368540311676
gyro1,z,-0.04072317999999999,0.06936505999999999,0.08346894077919043
gyro2,x,-0.03200714000000001,0.06480948,0.07822500082850752
gyro2,y,-0.032669619999999996,0.06539562,0.07929723731530626
gyro2,z,-0.029610510000000003,0.06389759,0.07615228216691868
gyro3,x,-0.040843609999999995,0.07280309,0.08643906116444117
gyro3,y,-0.02946572,0.0653041,0.07836151716486864
gyro3,z,-0.039987749999999996,0.07141789,0.08518921877743686
gyro4,x,-0.03031043,0.06589989,0.07903237570761744
gyro4,y,-0.03550817999999999,0.06710590000000001,0.08051481836457186
gyro4,z,-0.02715789,0.06558269,0.07864223796783762
gyro5,x,-0.04017403,0.07026257,0.08343583414618684
gyro5,y,-0.03040154,0.06659544,0.0798348307676543
gyro5,z,-0.03292785,0.06436325,0.07829009216656983
gyro6,x,-0.02905741000000001,0.06436601,0.07674610259283529
gyro6,y,-0.03082071,0.06668761,0.08016276208658232
gyro6,z,-0.043094799999999996,0.07090834000000001,0.08519359514364916
gyro7,x,-0.027460489999999994,0.06237157,0.07480794539184993
gyro7,y,-0.034213419999999994,0.06813984000000001,0.08263785444818857
gyro7,z,-0.032295319999999995,0.06621712,0.08013769896072634
gyro8,x,-0.03735641000000001,0.06960886999999999,0.08147229612371312
gyro8,y,-0.033912580000000005,0.0667039,0.08045816740965456
gyro8,z,-0.0342258,0.06620418,0.07935383385470421
fused,x,-0.03474055749999999,0.0672064675,0.07993573998203182
fused,y,-0.033043615,0.0665017625,0.08004308110867937
fused,z,-0.035002887499999996,0.0668088925,0.08014478545776153
