gyro,axis,correlation
1,x,-0.022945345932217837
1,y,-0.022631709876265844
1,z,0.11092233688655766
2,x,0.250536047400997
2,y,0.21939643720184943
2,z,0.3503246146461356
3,x,-0.16402360596696455
3,y,0.18359099746815813
3,z,-0.10291878702841592
4,x,0.10731410030378778
4,y,0.23589562702544303
4,z,0.030643291767175354
5,x,0.09911885318448953
5,y,0.06756898032754337
5,z,0.30106274270200145
6,x,0.3098464590066462
6,y,0.045329552852268175
6,z,0.041542764485684266
7,x,0.40525289734452574
7,y,-0.09097910919003835
7,z,0.07234539562381202
8,x,0.16474111973396524
8,y,0.15359798738497804
8,z,0.2455009941266261
