timestamp,fused_x,fused_y,fused_z
0.0,0.0011220000000000006,0.0011843749999999997,-0.0021567500000000002
0.005,0.005226125,-0.000825875,0.002703125000000001
0.01,-0.0049101249999999996,0.0034620000000000007,0.0024865
0.015,-0.007949625,0.003980875,-0.0027276250000000004
0.02,0.00305025,0.004401,0.0029724999999999994
0.025,0.0006972500000000001,-0.002778875,-0.0073681250000000005
0.03,-0.004956,-0.007841125000000001,-0.008222750000000001
0.035,-0.0018578750000000004,0.0027513750000000003,-0.0038796250000000003
0.04,0.00014425,0.0027012500000000005,-0.006675374999999999
0.045,-0.0041912500000000005,-0.000729375,-0.00878275
0.05,0.00026387500000000006,0.004794125,0.0024418749999999996
0.055,0.00012899999999999977,0.0012476249999999996,-0.011263124999999997
0.06,-0.0050377500000000006,0.004178625,0.0017163749999999994
0.065,0.0007662500000000004,-0.0025968750000000007,-0.002747125
0.07,0.0017763750000000002,-0.0038783749999999994,-0.00303325
0.075,0.000927875,0.00010187499999999975,-0.0041245
0.08,0.00584,0.001900125,-0.0015652499999999998
0.085,0.0034506250000000006,-0.001483875,7.92499999999999e-05
0.09,-0.007719125,5.9374999999999966e-05,-0.0034495
0.095,-0.0038603750000000005,0.0017628750000000001,0.002670875
0.1,-0.002709625,-0.000672875,0.0016897500000000003
0.105,-0.0018262499999999997,0.005058999999999999,0.000549875
0.11,0.0058795,0.0020057500000000006,0.0031875000000000002
0.115,-0.00011074999999999995,-0.0012508749999999998,0.0027072500000000005
0.12,0.004683125,-0.0011467500000000002,-0.0096605
0.125,0.003,0.0026991250000000014,0.0037893749999999998
0.13,0.0016435,-0.0044176250000000005,-0.00033537499999999974
0.135,0.000647875,0.0022675000000000004,0.002957499999999999
0.14,0.007404499999999999,0.003894625,-0.00125575
0.145,-0.0033827500000000008,0.0031197499999999997,0.002037375
0.15,0.005631,-0.002177000000000001,-0.00031387500000000013
0.155,0.0065780000000000005,-0.002200125,0.006135
0.16,0.0045275,0.004630375000000001,-0.0019533750000000003
0.165,0.008589000000000001,0.0019295000000000002,0.003860625
0.17,0.002861249999999999,-0.001561125,-0.008356249999999999
0.175,-0.0041921250000000005,0.0007677499999999998,-0.0018821250000000003
0.18,-0.0027454999999999997,0.0014373749999999996,0.0037849999999999997
0.185,0.00740025,0.0027405,-0.00036212499999999955
0.19,-0.0013433750000000002,0.005854125,0.0016031250000000002
0.195,-0.0002907499999999998,0.0016177500000000016,-0.0013302500000000003
0.2,0.001652375,0.003395875,-0.0023825
0.205,0.0017913750000000004,0.00955925,-0.0014997499999999998
0.21,0.0020582499999999993,0.0064843750000000006,0.0008050000000000003
0.215,0.0008734999999999999,0.0004818750000000001,0.00549125
0.22,0.0060038750000000005,-0.00013750000000000047,-0.0005542500000000004
0.225,0.0018392499999999997,0.0011597500000000002,-0.007018249999999999
0.23,0.007620625000000001,0.0007374999999999994,0.0030027500000000006
0.235,0.007861374999999999,0.00030987499999999993,0.000835875
0.24,-0.004296875,0.0028867500000000004,0.0040475
0.245,0.005489124999999999,0.0081205,-0.0064833749999999996
0.25,-0.001212625000000001,-0.0004904999999999994,-0.0004081250000000003
0.255,0.00415625,-0.0016450000000000002,0.004735125000000001
0.26,0.003122125,-0.0010845000000000002,-6.249999999999984e-05
0.265,0.007157125,0.0037529999999999994,-0.0017328750000000005
0.27,0.005214000000000001,0.0009187499999999995,0.0005165000000000002
0.275,-0.00023587500000000024,-0.002094375,-0.0012117499999999997
0.28,-0.002443625,-0.002306,0.006154124999999999
0.285,0.0038698749999999996,0.0012980000000000001,-0.00106975
0.29,0.0069725,-0.0014624999999999998,-0.003905249999999999
0.295,0.0012535,0.008757250000000001,0.0015643749999999998
0.3,0.0019798750000000007,0.0069895,0.0018678749999999997
0.305,0.0028815000000000004,0.00048212499999999997,0.0038171249999999998
0.31,-0.0022102499999999995,-0.0011686250000000002,-0.003909
0.315,0.001017125,0.004576625,-0.005031875000000001
0.32,0.0034681249999999994,0.005551250000000001,0.0004515000000000003
0.325,0.00478925,0.0023123749999999998,0.0008459999999999997
0.33,0.007705874999999999,-0.002678875,-0.000824625
0.335,-0.0034868750000000013,0.007353875000000001,0.005507000000000001
0.34,-0.0009644999999999998,0.006350125,0.000365875
0.345,-0.001288999999999999,0.004809,-0.000713625
0.35,0.007844375,0.00768325,-0.0008864999999999998
0.355,-0.00779625,0.0034952499999999997,0.00029574999999999957
0.36,-0.0023035,0.00085975,0.0015008749999999998
0.365,-0.003079,0.003175,-0.009598999999999998
0.37,0.0015731249999999994,0.007447624999999999,-0.0018043749999999998
0.375,0.002061374999999999,0.0003640000000000002,0.001092
0.38,0.0033889999999999997,0.00411875,-0.007596
0.385,-0.0014038750000000004,-0.00047024999999999953,-0.0006223749999999999
0.39,0.0037746249999999998,0.0006118749999999998,-0.005061125
0.395,-0.0096305,0.0046875,-0.009275499999999999
0.4,-0.000788375,-0.00246525,-0.00635975
0.405,0.004898250000000001,0.005351,-0.003923749999999999
0.41,-0.005072249999999999,0.0016975000000000002,0.0016972499999999998
0.415,-0.002433875,0.0011336249999999999,-0.0030298750000000004
0.42,-0.005628625,0.007138625,0.004625250000000001
0.425,0.003844,0.0030053750000000002,-0.00166325
0.43,0.002143375,0.00295625,0.0011888749999999998
0.435,0.005559,0.001873875,0.0031358749999999998
0.44,-0.0009731249999999996,0.00359925,-0.009645375000000001
0.445,-0.0014384999999999997,0.0031365000000000004,0.000150375
0.45,-0.011737750000000002,5.062500000000011e-05,-0.00482675
0.455,-0.0032877500000000007,-0.003850875,-0.004785499999999999
0.46,-0.00013687500000000006,-0.0010305,-0.0033671250000000003
0.465,-0.006588374999999999,0.00028075,-0.002274125
0.47,-0.003200375,0.005910875,-0.0003061250000000002
0.475,-0.0027946250000000002,-0.003743124999999999,-0.0072109999999999995
0.48,-0.00338,-0.0008928749999999999,-0.00442225
0.485,-0.006839124999999999,0.0007858749999999998,-0.0028141250000000002
0.49,-0.0047055,-0.007808124999999999,-0.006528125
0.495,-0.005757999999999999,-0.00183225,-0.009468875000000002
0.5,-0.00876875,-0.0021653749999999998,-0.003125375
0.505,-0.0042935000000000004,-0.0001912499999999998,-5.33749999999996e-05
0.51,-0.005760625,-0.0007611250000000001,-0.0071365000000000005
0.515,-0.009331750000000002,-0.003940125,-0.006120500000000001
0.52,-0.0032152500000000002,0.0002661250000000001,0.0030325
0.525,-0.0045476250000000005,-0.007618499999999999,-0.007757874999999999
0.53,-0.003956,-0.0018848749999999996,-0.008681375
0.535,-0.012816875000000002,0.004076375,-0.005792624999999999
0.54,-0.003787,0.0009041249999999992,-0.00621825
0.545,-0.004801875,-0.0006112500000000004,-0.0087415
0.55,-0.008603125,-0.003746250000000001,-0.006850375
0.555,-0.005118375,0.0003690000000000001,-0.0053475
0.56,-0.00442275,-0.008881375,-0.010892125
0.565,-0.011309874999999999,-0.013285624999999997,-0.002886375
0.57,-0.013975749999999999,7.38750000000008e-05,-0.016936
0.575,-0.008428999999999999,-0.008852,-0.008237625000000002
0.58,-0.01032225,0.0012436250000000002,-0.00670425
0.585,-0.012913625,-0.004361,-0.009135
0.59,-0.005273125,-0.004212375000000001,-0.010500875
0.595,-0.0037757499999999996,-0.0099465,-0.007566874999999999
0.6,-0.0023222500000000005,-0.0011775,-0.006752875
0.605,-0.008105875,0.0011398749999999994,-0.010552249999999999
0.61,-0.009007250000000001,-0.00679025,-0.01418175
0.615,-0.007248375,-0.011746999999999999,-0.00856575
0.62,-0.0036802500000000004,-0.0093515,-0.010297374999999998
0.625,-0.006049124999999999,-0.0032796250000000004,-0.004445875
0.63,-0.010877625,0.0009847500000000004,-0.002692625
0.635,-0.00556675,0.0026177499999999994,-0.012760125
0.64,-0.0016595,-0.005152499999999999,-0.010491249999999999
0.645,-0.006495,0.002106625,-0.015587125
0.65,-0.007052625,-0.003406625000000001,-0.008466625000000002
0.655,-0.00779025,-0.001280625,-0.0051807500000000005
0.66,-0.009378250000000001,-0.0016268749999999998,-0.014937375
0.665,-0.013083125,0.0014866249999999999,-0.0108095
0.67,-0.0056351249999999995,-0.0044345,-0.004343375
0.675,-0.004951624999999999,-0.0043421250000000005,-0.00999775
0.68,-0.015822125,-0.004075624999999999,-0.021093624999999998
0.685,-0.012147749999999999,-0.003073,-0.01474175
0.69,-0.004494375,-0.00320475,-0.012300875
0.695,-0.012451,-0.0012086249999999996,-0.007569124999999999
0.7,-0.008455875,-0.0012256250000000002,-0.011631250000000003
0.705,-0.004605875,-0.00824475,-0.006230375
0.71,-0.005264375,-0.0071241249999999985,-0.013261
0.715,-0.007305125000000001,-0.0012060000000000005,-0.017400875
0.72,-0.005557625,0.004297125,-0.0072777499999999995
0.725,-0.009244,-0.007264875,-0.0022711249999999997
0.73,-0.0064965000000000005,-0.00889375,-0.004503999999999999
0.735,-0.01120825,-0.0040955,-0.01687875
0.74,-0.015912000000000003,0.0013114999999999997,-0.004548
0.745,-0.012785125000000001,-0.001499625,-0.0093265
0.75,-0.008889375,0.0025825000000000006,-0.009826749999999999
0.755,-0.010445875,-0.006777,-0.004505750000000001
0.76,-0.015998875,-0.002772250000000001,-0.010502749999999998
0.765,-0.010556125,-0.005360500000000001,-0.010987375
0.77,-0.018980625,-0.0034268750000000002,-0.01086575
0.775,-0.01101725,-0.006765375,-0.01136575
0.78,-0.009156749999999998,-0.0043533750000000005,-0.01292425
0.785,-0.0110875,-0.00460125,-0.012578874999999998
0.79,-0.0094325,0.0013079999999999997,-0.010298749999999999
0.795,-0.0091655,-0.005321500000000001,-0.016381
0.8,-0.009056250000000002,-0.006089875000000001,-0.00968175
0.805,-0.0094515,-0.002824125,-0.00972875
0.81,-0.012141625,-0.0006422500000000005,-0.009380625
0.815,-0.017107375,0.00280925,-0.005074624999999999
0.82,-0.013752625000000001,-0.007446125,-0.011344875
0.825,-0.010861125000000001,0.001974875,-0.009802499999999999
0.83,-0.011165625,-0.0073625,-0.019798375
0.835,-0.010819249999999999,0.0016958750000000003,-0.013083999999999998
0.84,-0.00771425,0.00015399999999999962,-0.017816125
0.845,-0.013963375,-0.00629575,-0.017016624999999997
0.85,-0.011053375000000002,-0.009190625000000001,-0.016852000000000002
0.855,-0.00553825,-0.006586875000000001,-0.008936375
0.86,-0.014646125,0.0023927500000000008,-0.01739775
0.865,-0.013110499999999999,-0.00216025,-0.013571999999999999
0.87,-0.014152750000000002,6.012499999999963e-05,-0.016225625
0.875,-0.010500625000000001,0.0024822500000000005,-0.017167625
0.88,-0.013220250000000001,0.0023187500000000005,-0.00769475
0.885,-0.010012875000000001,0.001052875,-0.013341000000000002
0.89,-0.0145445,-0.0019411250000000001,-0.011355999999999998
0.895,-0.013127875000000002,0.0009493749999999998,-0.009404874999999998
0.9,-0.014665375,-0.005132750000000001,-0.020948374999999998
0.905,-0.010818000000000001,0.00205975,-0.010350999999999999
0.91,-0.013400750000000001,0.001602375,-0.01636675
0.915,-0.008932875,0.001259375,-0.015712625
0.92,-0.01407225,0.001670375,-0.013425125
0.925,-0.005117749999999999,0.00010012499999999952,-0.009464375
0.93,-0.014652124999999998,0.006468499999999999,-0.014315375
0.935,-0.009214,0.003229125,-0.006262
0.94,-0.01834325,0.00246525,-0.01521575
0.945,-0.009623,-0.0011745,-0.014513125
0.95,-0.015366750000000002,-0.0013877499999999997,-0.01499325
0.955,-0.010874375,-0.00045412499999999967,-0.003083250000000001
0.96,-0.007956375,-0.0036626250000000014,-0.009791250000000001
0.965,-0.011933874999999998,-0.0006136249999999996,-0.013283374999999998
0.97,-0.013377,-0.0009710000000000005,-0.004859624999999999
0.975,-0.008763,0.008706249999999999,-0.01463475
0.98,-0.012759499999999998,0.0038271249999999994,-0.014455
0.985,-0.008458750000000001,0.004354,-0.01571425
0.99,-0.012723125,0.005991375,-0.011540875
0.995,-0.0076085000000000015,0.0018137499999999994,-0.013070249999999999
1.0,-0.01122175,0.0008527500000000002,-0.017879625
1.005,-0.01082725,0.0002071249999999992,-0.014289499999999998
1.01,-0.0135305,-8.86249999999993e-05,-0.009836374999999998
1.015,-0.008209125000000001,0.0018206250000000002,-0.007751875
1.02,-0.008411500000000002,0.000991,-0.012684125000000001
1.025,-0.013183375,-0.00191825,-0.011262499999999998
1.03,-0.0005678750000000002,-0.000568125,-0.01172325
1.035,-0.013701125000000001,0.003748375,-0.013219624999999999
1.04,-0.012544250000000002,-0.00051775,-0.008027625
1.045,-0.016725375,0.0007020000000000003,-0.0158925
1.05,-0.015246124999999998,0.0038456249999999997,-0.016924250000000002
1.055,-0.015257625,-0.004064874999999999,-0.0195285
1.06,-0.009447124999999999,-0.0002974999999999996,-0.01614225
1.065,-0.007652124999999999,-0.001340375,-0.016606874999999997
1.07,-0.011022125,-0.0034601250000000005,-0.022196125
1.075,-0.01822925,0.0013328750000000003,-0.021130125
1.08,-0.010937375,0.001117125,-0.018942874999999998
1.085,-0.01580075,0.007320125,-0.014045125000000002
1.09,-0.010193625,0.004700625,-0.019490375000000004
1.095,-0.00566025,-0.0027083750000000003,-0.013633
1.1,-0.017015125,-0.0039898749999999995,-0.016467125
1.105,-0.009338375000000003,-0.002167625,-0.01267925
1.11,-0.014431,-0.0010037499999999994,-0.012616500000000001
1.115,-0.010066499999999999,-0.0059238749999999995,-0.011841749999999998
1.12,-0.013029625,-0.0007468749999999993,-0.014542624999999997
1.125,-0.01549275,-0.0037287500000000003,-0.01533225
1.13,-0.011198499999999998,-0.001190249999999999,-0.016990250000000002
1.135,-0.012709624999999999,-0.0008239999999999988,-0.01296625
1.14,-0.01031,0.0025463749999999996,-0.009865750000000001
1.145,-0.014632250000000001,0.002539125,-0.013725375000000001
1.15,-0.016160375,0.002812625,-0.015535999999999998
1.155,-0.014300625,0.003734875,-0.018150375
1.16,-0.011814375,0.002177875,-0.006754
1.165,-0.010051125,-0.003138875000000002,-0.014362375
1.17,-0.01076475,0.006660124999999999,-0.009407875000000001
1.175,-0.0130665,-0.004030000000000001,-0.018335249999999997
1.18,-0.015484749999999999,0.006965125,-0.0117805
1.185,-0.008067375,0.004058875,-0.020080999999999998
1.19,-0.018114500000000002,0.00040875000000000026,-0.00964475
1.195,-0.013385374999999998,-0.002322375,-0.01240475
1.2,-0.019077375,-0.003800625,-0.013042250000000002
1.205,-0.015166500000000001,-0.002672125,-0.009803125
1.21,-0.012826750000000001,-0.005038125,-0.012331874999999999
1.215,-0.018570125,-0.005859375,-0.01396175
1.22,-0.016699375,-0.00519175,-0.022563749999999997
1.225,-0.02351775,0.0011546250000000007,-0.009126375
1.23,-0.011215375000000001,-0.0014114999999999996,-0.010474374999999998
1.235,-0.019480375,-0.0057090000000000005,-0.015668750000000002
1.24,-0.02044225,-0.0013123750000000002,-0.013323499999999999
1.245,-0.016169000000000003,-0.0023668750000000005,-0.017622500000000003
1.25,-0.011993,-0.0039682499999999996,-0.011260499999999998
1.255,-0.011813,0.008848125,-0.019554625
1.26,-0.02059275,0.0020655,-0.01275825
1.265,-0.013189,0.0019122499999999995,-0.020331
1.27,-0.02336275,0.003809125,-0.011894374999999999
1.275,-0.016434749999999998,-0.0020772499999999997,-0.012274375
1.28,-0.015827874999999998,0.00231575,-0.014472375
1.285,-0.013461374999999998,0.000260625,-0.014328375
1.29,-0.017774375000000002,-0.003489125000000001,-0.0178765
1.295,-0.016758999999999996,-0.0039153750000000005,-0.023319
1.3,-0.01399975,0.0007283749999999999,-0.018031125
1.305,-0.0159105,-0.0036498750000000003,-0.021241875
1.31,-0.018161749999999997,-0.0016819999999999986,-0.0165365
1.315,-0.022742250000000002,-0.004992875000000001,-0.016962500000000002
1.32,-0.025827125,-6.149999999999992e-05,-0.01398975
1.325,-0.021857749999999995,0.0023518750000000002,-0.018718250000000002
1.33,-0.011331875,0.002274375,-0.021589
1.335,-0.013012000000000001,0.002650249999999999,-0.021733125
1.34,-0.01866425,0.001104125,-0.023533250000000002
1.345,-0.0130745,-0.013436000000000003,-0.013851375
1.35,-0.01015225,0.00217725,-0.0116305
1.355,-0.013720874999999997,-0.0020648750000000007,-0.02113075
1.36,-0.012978875,0.0017793750000000006,-0.02258925
1.365,-0.022418125,-0.0009414999999999996,-0.019484875
1.37,-0.009041,-0.00223675,-0.017124
1.375,-0.019827124999999998,0.0030653750000000004,-0.01945675
1.38,-0.01484975,0.002250125,-0.012973875000000001
1.385,-0.016905,-0.0007426249999999997,-0.014258749999999999
1.39,-0.015163375,-0.0034893749999999986,-0.0191265
1.395,-0.015298749999999998,0.00016862499999999994,-0.01094975
1.4,-0.010104375,0.00053125,-0.009795625
1.405,-0.015117749999999998,-0.007110875,-0.02428525
1.41,-0.016989875,0.0005501250000000009,-0.023236874999999997
1.415,-0.020871749999999998,0.0021279999999999997,-0.01732025
1.42,-0.015137999999999999,0.003920875000000001,-0.017528375000000006
1.425,-0.016651125,-0.0004387499999999999,-0.010658250000000001
1.43,-0.0127135,-0.004295125,-0.018766249999999998
1.435,-0.011729624999999999,0.0022823750000000005,-0.015444749999999998
1.44,-0.017190624999999998,0.0020475,-0.015324500000000001
1.445,-0.01744625,-0.012555875000000001,-0.009585
1.45,-0.012605875000000002,-0.0023647500000000005,-0.022218375
1.455,-0.017164,0.0037736250000000005,-0.01831975
1.46,-0.020809750000000002,-0.004214124999999999,-0.012727250000000002
1.465,-0.018415250000000005,-0.0042935000000000004,-0.01530525
1.47,-0.015320625000000001,0.0026536249999999997,-0.02043925
1.475,-0.017677000000000002,0.004920374999999999,-0.01035
1.48,-0.013120374999999998,-0.0035286250000000005,-0.01451275
1.485,-0.0127585,-0.007206750000000001,-0.015643125
1.49,-0.009599,-0.0013976250000000004,-0.012114374999999998
1.495,-0.017367625,-0.002265374999999999,-0.019389
1.5,-0.012318625000000001,8.937500000000004e-05,-0.019954125
1.505,-0.02242825,-0.001671624999999999,-0.020368125
1.51,-0.007033375,-0.0048745,-0.012871375
1.515,-0.009912,-7.812499999999964e-05,-0.018097125
1.52,-0.009537499999999999,-0.006146,-0.018847875
1.525,-0.013569875,-0.006479,-0.019396625
1.53,-0.018073,-0.0009758749999999993,-0.01978
1.535,-0.015467125000000002,-0.001707,-0.014254875
1.54,-0.020437999999999998,0.0037259999999999993,-0.016734875
1.545,-0.015815625,-0.007729125000000002,-0.018350625
1.55,-0.0164595,-0.0027074999999999994,-0.0093665
1.555,-0.009329875,-0.007620750000000001,-0.012590249999999999
1.56,-0.016599000000000003,-0.003199125,-0.012118249999999999
1.565,-0.012704125,-0.002066875,-0.015308250000000002
1.57,-0.014912874999999999,0.006963125,-0.01405975
1.575,-0.011238624999999999,0.0037392500000000004,-0.013801
1.58,-0.01018325,-0.0015427499999999996,-0.015614375
1.585,-0.013376625000000001,0.0006465000000000002,-0.00483175
1.59,-0.018199625,-0.008095125000000002,-0.0076430000000000005
1.595,-0.012009875000000001,0.00496275,-0.01056475
1.6,-0.011498874999999999,0.0006484999999999998,-0.021141
1.605,-0.013096625,0.0001801249999999993,-0.01022675
1.61,-0.0055936250000000005,-0.0009368750000000002,-0.008904625000000001
1.615,-0.0101705,0.0016056249999999998,-0.01793575
1.62,-0.009403375,0.0048052500000000005,-0.01270775
1.625,-0.013414375,-0.0025472499999999996,-0.01577425
1.63,-0.018642874999999996,0.004396125,-0.009719500000000002
1.635,-0.008124999999999999,-0.0026441249999999993,-0.014128250000000002
1.64,-0.01156875,0.0004871250000000006,-0.017468625
1.645,-0.014018375000000001,-0.001261,-0.018078124999999997
1.65,-0.01489175,-0.0023574999999999994,-0.0159535
1.655,-0.012619250000000002,-0.0022433749999999997,-0.0058718749999999995
1.66,-0.008010125,0.00084675,-0.012340625
1.665,-0.010868625,0.00903725,-0.006927249999999999
1.67,-0.013792124999999999,-0.004833875,-0.00818025
1.675,-0.007465375000000001,0.0059663749999999995,-0.017677375000000002
1.68,-0.01261175,-0.0047703749999999994,-0.010841625
1.685,-0.010169625000000002,-0.004486374999999999,-0.013293625000000002
1.69,-0.007358125,0.00577225,-0.014859624999999998
1.695,-0.016328875,0.00028275000000000023,-0.0077938750000000005
1.7,-0.009261374999999999,-0.0019418750000000005,-0.010900874999999997
1.705,-0.012949125,0.0017601250000000006,-0.009877499999999999
1.71,-0.020862625,0.0048337499999999995,-0.0122395
1.715,-0.018186875,0.00034549999999999967,-0.018996125000000003
1.72,-0.010179625000000001,0.0015003749999999995,-0.016434999999999998
1.725,-0.016696000000000003,0.0011011250000000005,-0.008497125000000001
1.73,-0.011859874999999999,0.0014935,-0.012815
1.735,-0.00714175,0.001166125,-0.014693875000000002
1.74,-0.012095625,0.0005977500000000005,-0.013872625000000001
1.745,-0.013907125000000001,-0.0010794999999999997,-0.01161825
1.75,-0.018942,0.0039473749999999995,-0.01748275
1.755,-0.015314750000000002,-0.0013171249999999993,-0.013632000000000002
1.76,-0.005411375000000001,0.005939125,-0.00719025
1.765,-0.008869125,0.006799625,-0.012589
1.77,-0.009792374999999999,-0.00448025,-0.0146665
1.775,-0.009328624999999998,0.0022438750000000006,-0.01747225
1.78,-0.007521375,0.00899325,-0.0129685
1.785,-0.008881499999999999,-0.0008910000000000001,-0.008465999999999998
1.79,-0.005520624999999999,0.004021,-0.012536375
1.795,-0.0073011249999999995,0.007093750000000001,-0.009671499999999998
1.8,-0.00726775,0.003524,-0.015831249999999998
1.805,-0.0073176249999999995,0.007318625,-0.0149025
1.81,-0.010548875,0.005704,-0.00746175
1.815,-0.0035778750000000003,0.010139500000000001,-0.02008525
1.82,-0.006123999999999999,0.0077428750000000015,-0.013693749999999998
1.825,-0.008396124999999999,0.01045225,-0.014130875
1.83,-0.00428825,0.0024152499999999994,-0.010252625
1.835,-0.0065668750000000015,0.008570125,-0.016011624999999998
1.84,-0.005069875,0.00531125,-0.010912000000000002
1.845,-0.007402,0.01369625,-0.015773375
1.85,-0.004434375,0.0031834999999999997,-0.008712000000000001
1.855,-0.013863499999999999,0.0027054999999999996,-0.005776625
1.86,-0.004730124999999999,0.005080375,-0.0114395
1.865,-0.0024691250000000004,0.0096775,-0.010682625
1.87,-0.0064245000000000005,0.010476,-0.004325875
1.875,-0.002256375,0.005507125,-0.010776375000000001
1.88,-0.0005392499999999996,0.0062952500000000005,-0.01014275
1.885,-0.0035889999999999993,0.014495125000000001,-0.009203375
1.89,-0.00721375,0.010641125,-0.01465775
1.895,0.0012929999999999994,0.0032672500000000006,-0.011790250000000002
1.9,-0.004182750000000001,0.0059275000000000005,-0.008304625
1.905,-0.0036812499999999996,0.004191375000000001,-0.01294975
1.91,-0.0017852500000000002,0.014213874999999999,-0.015365375
1.915,-0.008608375,0.004196750000000001,-0.0129855
1.92,0.001851,-0.0004123750000000004,-0.014593125
1.925,-0.002417,-0.0009522499999999998,-0.011352000000000001
1.93,-0.0004923750000000001,0.004091125,-0.013287625
1.935,0.0007647500000000005,0.0009491249999999991,-0.014440000000000001
1.94,-0.00736675,0.007560375,-0.020611124999999998
1.945,-0.005914249999999999,0.00011087500000000073,-0.008011375000000001
1.95,-0.005820625000000001,0.005439875,-0.007644624999999999
1.955,-0.012930749999999998,0.0032912500000000003,-0.016735625
1.96,0.0029820000000000003,0.0011906250000000003,-0.017780624999999998
1.965,-0.0064712500000000004,0.003905,-0.012788250000000001
1.97,-0.004768500000000002,0.0072346250000000015,-0.009800625
1.975,-0.0026794999999999996,0.0061252500000000005,-0.01461725
1.98,-0.007914500000000001,0.00449775,-0.011667374999999999
1.985,-0.010756499999999999,0.0026070000000000004,-0.017391
1.99,-0.007175375000000001,0.0048505,-0.01399925
1.995,-0.0025362500000000003,0.0010356249999999997,-0.01492325
2.0,-0.003123000000000001,0.014181375,-0.018618875
2.005,0.0004046249999999996,0.0072915,-0.021194124999999998
2.01,0.00427375,0.005924624999999999,-0.008023249999999999
2.015,-0.005420875,0.008201,-0.010340875
2.02,-0.005737250000000001,0.0014552499999999997,-0.012698750000000002
2.025,-0.006930125000000001,0.00658075,-0.010249499999999998
2.03,-0.0014795000000000001,-0.0004198749999999988,-0.010696
2.035,-0.005147375000000001,0.003910375,-0.004430624999999999
2.04,-0.008176000000000001,0.0016950000000000003,-0.009365749999999999
2.045,-0.010275125,0.005716875,-0.021140375
2.05,-0.003974875,0.008770624999999999,-0.01503875
2.055,-0.005447375,0.0034620000000000002,-0.0187485
2.06,-0.011231375,0.0022445000000000004,-0.020094624999999998
2.065,-0.007544499999999999,0.0022930000000000003,-0.023516125
2.07,-0.011399625,0.00011399999999999971,-0.021607750000000002
2.075,-0.00500325,0.004083000000000001,-0.0180945
2.08,-0.015300125000000001,0.0013083749999999992,-0.013709375
2.085,-0.00289775,0.0013971250000000001,-0.016891375000000004
2.09,-0.003619125,0.0007130000000000003,-0.013322999999999996
2.095,-0.004733000000000001,-0.0014817500000000002,-0.010939875000000002
2.1,-0.005281,0.00634275,-0.0149135
2.105,-0.01209675,0.0003803750000000007,-0.0181745
2.11,-0.007950374999999999,0.00265825,-0.013599
2.115,-0.01134625,0.0007443749999999994,-0.01261525
2.12,-0.004441875,-3.0375000000001267e-05,-0.01908825
2.125,-0.009207375,0.003438,-0.012884625
2.13,-0.010425249999999999,0.0053945,-0.014111375
2.135,-0.0090515,0.0010171249999999998,-0.01612075
2.14,-0.009422625,0.005510999999999999,-0.018450499999999998
2.145,-0.00404525,-0.0012382499999999998,-0.01361375
2.15,-0.01041925,-0.0001981249999999994,-0.0221055
2.155,-0.0134655,-0.0013111250000000009,-0.015096625000000002
2.16,-0.011687875,-0.0018655,-0.013685125000000001
2.165,-0.006093375,-0.002845249999999999,-0.017128875
2.17,-0.014005125,-0.0001865000000000009,-0.02115475
2.175,-0.0105315,0.00135775,-0.02065275
2.18,-0.004321875000000001,0.00033575000000000044,-0.0169115
2.185,-0.011906875,1.887500000000023e-05,-0.013784000000000001
2.19,-0.01638725,0.0020240000000000006,-0.013156375
2.195,-0.015712625,-0.0006666249999999999,-0.020333249999999997
2.2,-0.011686375,0.0020796250000000007,-0.022578625
2.205,-0.012388125,0.004134625000000001,-0.018932499999999998
2.21,-0.009464,-0.002870750000000001,-0.01821
2.215,-0.00938,0.0010542500000000003,-0.02038
2.22,-0.011034875,-0.004386125,-0.010311250000000001
2.225,-0.012398875,0.008105,-0.016279375000000002
2.23,-0.016354374999999997,0.0005386249999999998,-0.020773375
2.235,-0.013623375,-0.0011115000000000003,-0.01366975
2.24,-0.007578375000000001,-0.003227125000000001,-0.019188999999999998
2.245,-0.012491375000000002,0.0039629999999999995,-0.012552625000000001
2.25,-0.012084625000000002,0.00308475,-0.014963375000000001
2.255,-0.013223500000000001,-0.0006842500000000002,-0.01321825
2.26,-0.01005975,0.0013541250000000003,-0.013665125
2.265,-0.01065575,0.00808025,-0.014969625
2.27,-0.00457525,0.004239374999999999,-0.0141655
2.275,-0.0015177500000000002,0.0029561250000000004,-0.016745874999999997
2.28,-0.012771625,0.005271499999999998,-0.0034771250000000006
2.285,-0.009101375,0.0137555,-0.013823875000000003
2.29,-0.005084625000000001,0.006562625,-0.010789375
2.295,-0.006202875000000001,0.010104875,-0.015608125
2.3,-0.0013185000000000002,0.006740499999999999,-0.009020249999999999
2.305,-0.0017145000000000005,0.006872375,-0.013347625
2.31,-0.008288,0.006638500000000001,-0.01774875
2.315,-0.006101,1.3749999999998572e-06,-0.011324499999999998
2.32,-0.0025413750000000002,0.0030174999999999998,-0.012938
2.325,-0.011399125000000001,-0.00039125,-0.015733
2.33,-0.010624125,-0.003385125,-0.015212124999999998
2.335,-0.01246975,-0.00032850000000000056,-0.016067
2.34,-0.006385375,0.006277,-0.014714249999999998
2.345,-0.0036832500000000003,-0.0020407500000000005,-0.017153750000000002
2.35,-0.0036986249999999997,0.0020408749999999997,-0.011641874999999998
2.355,-0.010383499999999999,0.00413,-0.012996750000000001
2.36,-0.0016602500000000003,0.000162125,-0.0162005
2.365,-0.0148675,-0.0002686249999999989,-0.014831374999999999
2.37,-0.0016736250000000004,0.0018306249999999998,-0.01483825
2.375,-0.008889875,0.0011685000000000003,-0.012172750000000001
2.38,-0.004860625000000001,0.0016893750000000001,-0.01315175
2.385,-0.01195825,-0.004321749999999999,-0.014442000000000003
2.39,-0.007755374999999998,0.0017819999999999989,-0.021258
2.395,-0.005419874999999999,0.007908,-0.017170750000000002
2.4,-0.006636875000000001,-0.0017457500000000003,-0.015939875
2.405,-0.004346250000000001,0.0035092499999999993,-0.016656875
2.41,-0.011840375,-0.00023074999999999875,-0.011826875
2.415,-0.0033825,0.0075683750000000004,-0.017402499999999998
2.42,-0.008458499999999999,0.0089855,-0.010387249999999999
2.425,-0.002876125,0.0018981249999999992,-0.014418124999999999
2.43,-0.006043125,0.004104625000000001,-0.011516374999999999
2.435,-0.0032510000000000013,0.0030462499999999995,-0.009739000000000001
2.44,-0.0067385000000000006,0.006708375,-0.012442625
2.445,-0.010744999999999998,0.007136000000000001,-0.013733875000000001
2.45,-0.012905375,0.004657375,-0.01139225
2.455,-0.006124875,-0.0010318750000000005,-0.004941750000000001
2.46,-0.007240625000000001,0.010139125,-0.010394625000000001
2.465,-0.007517874999999999,0.007817875,-0.013584375000000001
2.47,-0.00860775,0.0042585,-0.007640375
2.475,-0.005938375000000001,0.0021833749999999996,-0.00924175
2.48,-0.0038588750000000003,0.009688374999999999,-0.006268625000000001
2.485,-0.009934624999999999,0.008047,-0.013050875000000002
2.49,-0.010291875,0.00238975,-0.014026124999999999
2.495,0.00023050000000000002,0.0011164999999999999,-0.01135575
2.5,-0.010853375,-0.0009273750000000007,-0.012286000000000002
2.505,-0.011095625,-0.00036362500000000045,-0.009905750000000001
2.51,-0.009606000000000002,0.00610675,-0.013304
2.515,-0.002976125,-0.004580250000000001,-0.009668625
2.52,-0.00559725,-0.004193125,-0.01579925
2.525,-0.013017125000000001,0.005338249999999999,-0.011535
2.53,-0.011916375000000002,0.0028492499999999994,-0.014962249999999998
2.535,-0.007152874999999999,0.00705725,-0.011667249999999999
2.54,-0.008975,0.003394,-0.009459500000000001
2.545,-0.002318375000000001,0.0032310000000000004,-0.01386025
2.55,-0.016055125,0.0013695000000000005,-0.015480250000000001
2.555,-0.008212875000000001,0.0056295,-0.012819625
2.56,-0.01232725,0.0011692499999999988,-0.0163085
2.565,-0.013841875,0.0018141249999999998,-0.013591124999999999
2.57,-0.013456124999999998,-0.0009291249999999985,-0.01757725
2.575,-0.009625875,0.00023712500000000036,-0.01483425
2.58,-0.0069377499999999995,-0.001601500000000002,-0.01084175
2.585,-0.010662875000000002,0.0022478749999999994,-0.014190874999999999
2.59,-0.00943,-0.00154425,-0.006901750000000001
2.595,-0.010133125000000003,0.006208125,-0.011832375000000001
2.6,-0.012926250000000002,-0.0030427500000000003,-0.008750625
2.605,-0.011681,0.0023595,-0.008856125
2.61,-0.011774000000000001,-0.0015866250000000008,-0.010808874999999999
2.615,-0.012612749999999999,0.00606075,-0.0104565
2.62,-0.011663,0.00708525,-0.005963125
2.625,-0.0061756250000000006,0.001349249999999998,-0.0124305
2.63,-0.015599875000000001,-0.0004280000000000002,-0.00704175
2.635,-0.0014990000000000003,0.0004457499999999993,-0.013883875
2.64,-0.005168499999999999,0.005964625,-0.009938625000000001
2.645,-0.00744125,0.004343625000000001,-0.010252875000000002
2.65,-0.00356875,0.001787375,-0.01196525
2.655,0.0002649999999999996,0.0038255,-0.011839875
2.66,-0.007633124999999998,0.0006457499999999998,-0.0129235
2.665,-0.005588874999999999,0.0050341249999999995,-0.013708374999999998
2.67,-0.01087175,0.008418875,-0.011370125000000002
2.675,-0.009615,0.00458375,-0.010119875
2.68,-0.0060202499999999996,0.0016471249999999984,-0.015224749999999999
2.685,-0.007833875,0.007099125,-0.0125275
2.69,-0.007393624999999999,0.004501874999999999,-0.011328125000000001
2.695,-0.011526875,0.0022636250000000013,-0.006921999999999999
2.7,-0.012214250000000001,0.008690374999999998,-0.017578499999999997
2.705,-0.01034625,0.005239,-0.010556625
2.71,-0.007147875000000001,-0.0018841249999999995,-0.014970375
2.715,-0.011623624999999999,-0.002155,-0.01647125
2.72,-0.012343500000000002,0.0017931249999999996,-0.016579875
2.725,-0.00684,-0.007826125,-0.01206925
2.73,-0.006738375000000001,-0.006775250000000002,-0.016354624999999998
2.735,-0.00491825,-6.487499999999994e-05,-0.011181375
2.74,-0.02127525,-0.002898625000000002,-0.014447625
2.745,-0.009659,-0.0052047499999999984,-0.0153695
2.75,-0.010195,-0.00145475,-0.020412875
2.755,-0.010954249999999999,-0.0010082500000000005,-0.013034500000000001
2.76,-0.012050875000000003,-0.00032749999999999983,-0.0242135
2.765,-0.009386875000000001,0.002958499999999999,-0.013016375
2.77,-0.005371,0.003,-0.011169749999999999
2.775,-0.01351025,0.00018224999999999925,-0.013905500000000001
2.78,-0.0113715,0.00235075,-0.006099874999999999
2.785,-0.011202875,0.0031753749999999985,-0.010633625
2.79,-0.010745125,0.0009687499999999989,-0.018245749999999998
2.795,-0.012332000000000001,3.575000000000106e-05,-0.012468
2.8,-0.013514875,0.0006355000000000002,-0.014844875
2.805,-0.009490375,0.0060595,-0.015082124999999998
2.81,-0.0036421249999999995,-0.0032600000000000007,-0.018005125
2.815,-0.006004875,0.00450125,-0.015810499999999998
2.82,-0.012168749999999999,0.0012277500000000001,-0.014506750000000002
2.825,-0.020279250000000002,-0.001724999999999999,-0.013286624999999998
2.83,-0.007231,0.0018216250000000001,-0.01551325
2.835,-0.00921525,0.0014541249999999993,-0.01643975
2.84,-0.008202375000000001,-0.00934725,-0.01762225
2.845,-0.007056249999999999,-0.006782875000000001,-0.019394500000000002
2.85,-0.01049625,0.0060452499999999985,-0.013872
2.855,-0.016692625000000003,0.00311925,-0.015292124999999998
2.86,-0.014784875,0.002290375,-0.018545625
2.865,-0.007003249999999999,0.000554375,-0.015455125
2.87,-0.009643875,-0.0034096250000000003,-0.0114425
2.875,-0.01193675,-0.005972874999999999,-0.027584749999999998
2.88,-0.0136835,-0.006711000000000001,-0.01559675
2.885,-0.008764249999999998,-0.0006987499999999997,-0.011205
2.89,-0.006627124999999999,-0.0054548750000000005,-0.015223
2.895,-0.012452999999999999,-0.0036298749999999994,-0.015520625
2.9,-0.008651625,0.002531125,-0.017025875
2.905,-0.008076624999999999,-0.006679125,-0.018210499999999998
2.91,-0.00883575,-0.00255825,-0.021684999999999996
2.915,-0.00899925,0.0010953749999999998,-0.015542999999999998
2.92,-0.009235250000000002,-0.0026608749999999996,-0.018055375000000002
2.925,-0.005979250000000001,-0.004539124999999999,-0.0166335
2.93,-0.007375625,-0.002947,-0.017777750000000002
2.935,-0.010760875,-0.0030558749999999996,-0.019182249999999998
2.94,-0.004233249999999999,-0.0068257499999999985,-0.01355975
2.945,-0.013994875,-0.004546250000000002,-0.015254499999999999
2.95,-0.010802,0.001224,-0.021167125
2.955,-0.01272275,-0.0003093749999999991,-0.022788875
2.96,-0.0070071249999999995,-0.006731750000000001,-0.0157705
2.965,-0.007386,-0.0013258749999999996,-0.020729499999999998
2.97,-0.009675375,-0.0084375,-0.01718625
2.975,-0.008358125000000001,-0.007088999999999999,-0.02314025
2.98,-0.013360124999999999,-0.0006261249999999991,-0.021575999999999998
2.985,-0.012858375000000002,-0.0033070000000000005,-0.021576625
2.99,-0.013801125000000001,0.0028365000000000005,-0.01651575
2.995,-0.017019625,-0.0015446250000000002,-0.024011374999999998
3.0,-0.006822625,-0.0017714999999999996,-0.027273499999999996
3.005,-0.010683874999999999,-0.0042475,-0.021639124999999995
3.01,-0.016603124999999996,-0.004817500000000002,-0.025659374999999998
3.015,-0.01451925,0.0032705000000000004,-0.021477500000000004
3.02,-0.008856375000000001,-0.0029661249999999983,-0.01979525
3.025,-0.009249000000000002,-0.00244925,-0.015521624999999999
3.03,-0.013714375000000001,-0.008149625,-0.01912375
3.035,-0.009086499999999999,-0.0023468749999999996,-0.017864625000000002
3.04,-0.018579625000000002,-0.004328750000000003,-0.017568124999999997
3.045,-0.014956375,0.002101625,-0.015809375
3.05,-0.011395875,-0.0036039999999999996,-0.0198275
3.055,-0.008748625000000001,0.0011744999999999998,-0.01759825
3.06,-0.015192625,-0.004083125000000001,-0.019333625
3.065,-0.009192875,-0.0021692499999999993,-0.01657575
3.07,-0.011429125,-0.008653875000000002,-0.01732575
3.075,-0.00439775,-0.009249499999999999,-0.015287375
3.08,-0.005269375,-0.008011125,-0.02065825
3.085,-0.006985625,-0.008586749999999997,-0.021468875000000002
3.09,-0.0118105,-0.0022838750000000003,-0.023774875
3.095,-0.010692500000000002,-0.0009167500000000013,-0.017052499999999998
3.1,-0.010124250000000001,-0.009086124999999999,-0.017536375
3.105,-0.0100465,-0.005210625,-0.023669125
3.11,-0.010349249999999999,-0.005254625000000001,-0.021961625
3.115,-0.010412999999999999,-0.0034010000000000004,-0.019099875
3.12,-0.01689225,-0.005649750000000001,-0.020437375000000004
3.125,-0.016410625,-8.837500000000078e-05,-0.016867
3.13,-0.010900625,-0.010588624999999999,-0.023879875
3.135,-0.007339125000000001,-0.004470625,-0.02104275
3.14,-0.010825125000000001,0.00471875,-0.022010125
3.145,-0.015456250000000001,0.0014549999999999997,-0.018268124999999996
3.15,-0.013688874999999998,-0.0020126249999999997,-0.026397
3.155,-0.015327,-0.0070897500000000006,-0.021282750000000003
3.16,-0.008959874999999999,0.002635375000000001,-0.0204555
3.165,-0.018627499999999998,-0.003822125,-0.014535875000000002
3.17,-0.005083874999999998,-0.0074505000000000005,-0.021426375
3.175,-0.011420625,-0.0023276249999999972,-0.017309124999999998
3.18,-0.0072681249999999985,-0.00394425,-0.020665375
3.185,-0.019501875,-0.0066605,-0.022402625000000002
3.19,-0.017360125,-0.000601749999999999,-0.029055375
3.195,-0.020058375,-0.013805375000000002,-0.022542625000000004
3.2,-0.009548500000000001,-0.011168375,-0.024962250000000005
3.205,-0.012443375000000001,-0.006442499999999999,-0.020673999999999998
3.21,-0.012668875,-0.012035,-0.028089500000000003
3.215,-0.011334,-0.007567250000000001,-0.0176515
3.22,-0.015208125,-0.0034559999999999994,-0.018273125
3.225,-0.012978249999999998,-0.0032282499999999993,-0.023673375000000003
3.23,-0.012984875000000002,-0.009822624999999998,-0.019934
3.235,-0.012251749999999999,-0.009845375,-0.022871875000000003
3.24,-0.020615500000000002,-0.0013148749999999996,-0.016032625
3.245,-0.017037125000000004,-0.0004999999999999998,-0.028373125
3.25,-0.015177,-0.0032181249999999996,-0.025148625
3.255,-0.01623125,-0.006532624999999999,-0.022142
3.26,-0.018645,-0.005527500000000001,-0.019159875
3.265,-0.010301375,-0.0032066250000000007,-0.01581425
3.27,-0.007918,-0.008565375000000002,-0.02212725
3.275,-0.011526125000000002,-0.0005506249999999995,-0.02604
3.28,-0.01565025,-0.0032471250000000013,-0.021468
3.285,-0.0072485,-0.00019374999999999983,-0.01582775
3.29,-0.010857249999999999,1.862500000000052e-05,-0.025158125
3.295,-0.017548374999999998,-0.00249575,-0.015183125
3.3,-0.019970999999999996,-0.002717625000000001,-0.0209855
3.305,-0.010104374999999999,0.0014122500000000003,-0.025246375
3.31,-0.01492575,-0.006872624999999999,-0.02309
3.315,-0.018583499999999996,-0.0028432499999999986,-0.020311375
3.32,-0.007635375,-0.005937000000000001,-0.022696875
3.325,-0.01978975,0.005818500000000001,-0.022782874999999998
3.33,-0.011281749999999998,-0.005474000000000001,-0.0238735
3.335,-0.010240749999999998,-0.007531375,-0.024335000000000002
3.34,-0.01469575,-0.005613874999999999,-0.023644
3.345,-0.015348500000000001,-0.008397625,-0.019334125
3.35,-0.012296375,-0.004507,-0.023628375
3.355,-0.014319250000000002,-0.01023025,-0.025114625
3.36,-0.015726124999999997,-0.005079375000000002,-0.027842874999999996
3.365,-0.015858499999999998,-0.014342374999999997,-0.028402999999999998
3.37,-0.01422375,-0.011945625,-0.029513499999999998
3.375,-0.016716375,-0.007013749999999999,-0.030752875000000002
3.38,-0.021772999999999997,-0.008034625,-0.023803125
3.385,-0.008174625,-0.010295374999999999,-0.024622000000000005
3.39,-0.02000025,-0.011536625,-0.020917124999999998
3.395,-0.015214749999999999,-0.003945374999999999,-0.018384750000000002
3.4,-0.02198225,0.00016824999999999932,-0.023670625
3.405,-0.01390625,-0.004726875,-0.021492125
3.41,-0.009010375000000001,-0.0041195,-0.01316575
3.415,-0.012008125000000001,-0.0029336249999999996,-0.015703375
3.42,-0.00771675,-0.008121125,-0.02063575
3.425,-0.002979,-0.010785999999999999,-0.024378875
3.43,-0.009793250000000002,-0.003109249999999999,-0.016270125
3.435,-0.0059570000000000005,-0.010020875,-0.020963999999999997
3.44,-0.007836125,0.0013357500000000012,-0.020181625
3.445,-0.007274375000000002,-0.00482725,-0.014095375
3.45,-0.011069,-0.008356625,-0.0186025
3.455,-0.00775525,-0.0039635,-0.021931375000000003
3.46,-0.01208625,0.0008371249999999998,-0.01982
3.465,-0.015865999999999998,-0.0022343750000000007,-0.016135625
3.47,-0.010574125000000002,-0.006446625,-0.020561375
3.475,-0.013379875,-0.0020141250000000003,-0.019165625
3.48,-0.013884625,-0.006664375,-0.024185125000000002
3.485,-0.015232249999999998,-0.007332875000000001,-0.022920125000000003
3.49,-0.014912875,-0.012615374999999998,-0.024421500000000002
3.495,-0.01694775,-0.009288999999999999,-0.025268624999999996
3.5,-0.012868999999999998,-0.009923499999999998,-0.023289874999999998
3.505,-0.009878000000000001,-0.00949,-0.024751750000000003
3.51,-0.014445124999999998,-0.006226000000000001,-0.018944749999999996
3.515,-0.009348625000000001,-0.0029631249999999996,-0.028693874999999997
3.52,-0.012326374999999999,-0.0073127500000000015,-0.0283985
3.525,-0.01158025,-0.00559775,-0.025644374999999997
3.53,-0.007998250000000002,-0.0054376250000000015,-0.0279115
3.535,-0.0059326249999999995,-0.003384999999999999,-0.0200225
3.54,-0.0038205000000000005,-0.00859825,-0.027845625
3.545,-0.007973625000000002,-0.003697375,-0.023912375000000003
3.55,-0.012502125,-0.0077035,-0.030441875
3.555,-0.014981624999999998,-0.012555625,-0.023167375
3.56,-0.004413249999999999,-0.012997375000000002,-0.021737625
3.565,-0.0128995,-0.007007125000000002,-0.02682675
3.57,-0.0072433750000000015,-0.010797125,-0.028163875000000005
3.575,-0.01073,-0.011955374999999999,-0.028448124999999998
3.58,-0.017203874999999997,-0.007750249999999999,-0.030237375
3.585,-0.020755999999999997,-0.0078035,-0.01861225
3.59,-0.015587374999999999,-0.012944374999999998,-0.028725374999999997
3.595,-0.009039124999999999,-0.007478375,-0.031323125
3.6,-0.018018,-0.010910625,-0.02893175
3.605,-0.014310375,-0.0120825,-0.021805
3.61,-0.018176499999999998,-0.01034525,-0.022508625
3.615,-0.011005375000000001,-0.01303375,-0.028628624999999998
3.62,-0.01711625,-0.009336375000000001,-0.02921575
3.625,-0.024834125000000002,-0.011556,-0.025598875
3.63,-0.01774975,-0.019312125,-0.020138000000000003
3.635,-0.012955999999999999,-0.00830275,-0.027605875
3.64,-0.017203375000000003,-0.004978999999999999,-0.0198595
3.645,-0.018789,-0.008655625000000002,-0.027791625
3.65,-0.015356999999999999,-0.012036375,-0.024319625000000004
3.655,-0.0143675,-0.006264375000000001,-0.026255875
3.66,-0.017713375000000003,-0.0121155,-0.02562425
3.665,-0.019525,-0.015883625000000002,-0.02108625
3.67,-0.013140250000000001,-0.0090765,-0.020406
3.675,-0.016698499999999998,-0.012368125000000002,-0.024385
3.68,-0.018985,-0.011972749999999997,-0.025090750000000002
3.685,-0.010705375,-0.009295624999999998,-0.0269445
3.69,-0.019023125,-0.007312374999999998,-0.02331175
3.695,-0.009034374999999999,-0.011854125,-0.020619375
3.7,-0.015392125,-0.004533749999999999,-0.024866125000000003
3.705,-0.017962,-0.007758125000000001,-0.022455375000000003
3.71,-0.009882625,-0.013509,-0.02073575
3.715,-0.007802249999999999,-0.014812750000000001,-0.017830375000000002
3.72,-0.011767249999999998,-0.014904625000000001,-0.027299125
3.725,-0.01875,-0.003408500000000001,-0.023132749999999997
3.73,-0.01763375,-0.002558750000000002,-0.022005999999999998
3.735,-0.019000750000000004,-0.01201625,-0.017846625
3.74,-0.013135375,-0.005375749999999999,-0.02219175
3.745,-0.0236885,-0.0020382499999999997,-0.021744999999999997
3.75,-0.021736875000000003,-0.0092235,-0.019314875000000002
3.755,-0.021421500000000003,-0.00974475,-0.025798750000000002
3.76,-0.01942225,-0.011284500000000001,-0.02833525
3.765,-0.019741125,-0.007815374999999998,-0.0228825
3.77,-0.014129,-0.006711749999999999,-0.016181875
3.775,-0.015355,-0.0070529999999999985,-0.021184500000000002
3.78,-0.013997250000000001,-0.0020691249999999994,-0.017315999999999998
3.785,-0.00898125,-0.00621875,-0.01818975
3.79,-0.00931475,-0.0033267500000000007,-0.019697375
3.795,-0.010761500000000002,0.002410875,-0.019498249999999998
3.8,-0.0060503749999999985,-0.005212125,-0.017248624999999997
3.805,-0.011876124999999998,-0.010404125,-0.014952375
3.81,-0.00810725,-0.00282325,-0.019233125
3.815,-0.017484874999999997,5.475000000000011e-05,-0.022572625000000002
3.82,-0.01126275,0.0001503749999999995,-0.018488374999999998
3.825,-0.0074507500000000025,-0.0034799999999999987,-0.018762749999999998
3.83,-0.011202,-0.0033832500000000017,-0.01344925
3.835,-0.010218874999999999,-0.005827750000000001,-0.025004000000000002
3.84,-0.012412750000000002,-0.009685875,-0.024593625000000004
3.845,-0.00953875,-0.0018253750000000013,-0.027383499999999998
3.85,-0.014195500000000002,-0.0070012500000000005,-0.021565124999999997
3.855,-0.01045175,-0.006093999999999999,-0.01923275
3.86,-0.010250625000000003,0.0014141250000000005,-0.017513874999999998
3.865,-0.010243624999999998,-0.007358749999999999,-0.016466249999999998
3.87,-0.0013535,-0.007213249999999999,-0.019775125
3.875,-0.005719750000000001,0.003911250000000001,-0.018397999999999998
3.88,-0.0017234999999999993,-0.0004771250000000001,-0.015721875
3.885,-0.004716625,-0.003721375000000002,-0.022058124999999998
3.89,-0.002129375000000001,-0.011679249999999999,-0.017525625
3.895,-0.013905,-0.0013258749999999991,-0.010101249999999999
3.9,-0.005928,-0.0015397499999999999,-0.0150005
3.905,-0.00494375,-0.009776750000000002,-0.020106
3.91,0.00075475,-0.003593375000000002,-0.020462875000000002
3.915,-9.250000000000144e-06,-0.00459325,-0.019576749999999997
3.92,-0.009518375,-0.00022937499999999998,-0.010544124999999998
3.925,-0.0075515,-0.0044771249999999985,-0.014375624999999998
3.93,-0.002714499999999999,-0.009068874999999999,-0.017588874999999997
3.935,-0.0018702500000000004,0.00018549999999999903,-0.01912825
3.94,-0.006197875,0.0066855000000000005,-0.018731375
3.945,-0.009083250000000001,-0.0012424999999999992,-0.014238625000000001
3.95,-0.002594,-0.0026074999999999996,-0.01149075
3.955,-0.004382000000000001,0.0011070000000000003,-0.015578749999999999
3.96,-0.011283499999999998,-0.005237375000000001,-0.0127245
3.965,-0.010852625,-0.010176874999999997,-0.019821375
3.97,-0.0035305000000000007,-0.005408125,-0.013598375
3.975,-0.004418125000000002,-0.004477875000000003,-0.019514875
3.98,-0.00314175,-0.007256624999999998,-0.014656
3.985,-0.0113275,-0.00015424999999999944,-0.020314625
3.99,-0.007443874999999999,-0.001924999999999999,-0.010601125
3.995,-0.008447874999999999,-0.00514425,-0.014322625000000002
4.0,0.0006215000000000005,-0.0004686249999999993,-0.018238874999999998
4.005,-0.008538500000000001,-0.01082025,-0.016653
4.01,-0.000561125000000001,-0.006702874999999999,-0.01570425
4.015,-0.008276500000000003,-0.006673,-0.018021375000000003
4.02,-0.007904125,-0.004755624999999999,-0.015785874999999998
4.025,-0.0003669999999999995,0.001751,-0.016867124999999997
4.03,-0.0032920000000000002,-0.002123500000000001,-0.009414625
4.035,0.0010800000000000002,-0.002336000000000001,-0.014986750000000002
4.04,-0.004571375,-0.0025162500000000016,-0.015242124999999999
4.045,-0.0035341249999999995,0.0015072500000000003,-0.01767575
4.05,-0.004271250000000002,-0.0027701249999999996,-0.019744875
4.055,-0.0007093749999999995,-0.005292624999999999,-0.016778875
4.06,-0.004688625,-0.004820125,-0.0138405
4.065,-0.005713124999999999,-0.0005222499999999997,-0.023277875
4.07,-0.0008905000000000009,-0.0005303749999999994,-0.017087375
4.075,-0.001961,-0.007747625000000002,-0.01600275
4.08,0.00026050000000000004,-0.008109124999999998,-0.0171795
4.085,-0.005433625000000002,0.0004646249999999995,-0.022335749999999994
4.09,-0.0107645,-0.007449000000000001,-0.016865124999999998
4.095,-0.00858875,-0.004470000000000001,-0.017457874999999998
4.1,-0.006753749999999999,-0.0035642499999999993,-0.014875749999999997
4.105,-0.00504875,0.0008314999999999993,-0.0188905
4.11,-0.0090485,-0.006186499999999999,-0.017190749999999998
4.115,-0.001120250000000001,-0.0007601249999999978,-0.018558875
4.12,-0.00285925,-0.008020125,-0.020640625000000003
4.125,-0.007426375000000001,-0.004832750000000001,-0.019252125
4.13,-0.003967875,-0.0060296249999999985,-0.02352725
4.135,-0.0031676249999999994,-0.012100375,-0.018377374999999998
4.14,-0.004260249999999999,-0.010472875,-0.0190875
4.145,-0.004260999999999999,-0.006151875,-0.017626500000000003
4.15,-0.0059945,-0.0139905,-0.015723
4.155,-0.010853875,-0.008709499999999998,-0.0167425
4.16,-0.014179625000000001,-0.00788275,-0.0206915
4.165,-0.008471250000000003,-0.010972500000000001,-0.022773875
4.17,-0.007378250000000002,-0.009572749999999998,-0.022336125
4.175,-0.008917625,-0.011860625000000001,-0.018275625
4.18,-0.011397499999999998,-0.002347,-0.02093025
4.185,-0.012797750000000002,-0.009735,-0.025719124999999995
4.19,-0.009394124999999998,-0.010379000000000003,-0.018379375
4.195,-0.0021727499999999993,-0.006217624999999998,-0.015481499999999999
4.2,-0.0063424999999999974,-0.007611875,-0.022558375
4.205,-0.005497749999999999,-0.00555275,-0.019368875
4.21,-0.0047176250000000005,-0.005993625000000001,-0.015332499999999999
4.215,-0.0021407500000000003,-0.0036525000000000004,-0.023270625
4.22,-0.0038706249999999995,-0.003471125000000001,-0.022951625
4.225,-0.0025533750000000005,-0.01083525,-0.024200124999999996
4.23,-0.004150750000000001,-0.00688625,-0.014063125
4.235,-0.00027324999999999995,-0.006167000000000001,-0.018596375000000002
4.24,0.00779325,-0.002607375,-0.017893
4.245,0.0005729999999999993,-0.008092875,-0.015230500000000001
4.25,0.0025367500000000004,-0.0020122499999999993,-0.015604874999999999
4.255,-0.0027473750000000007,0.0018101249999999999,-0.024030875
4.26,-0.003518124999999999,-0.0075146250000000005,-0.017912499999999998
4.265,-0.00022137499999999978,-0.002833750000000001,-0.015081
4.27,0.0003971249999999997,-0.004773875,-0.021037
4.275,0.0090785,-0.001588375,-0.016575125
4.28,0.0025693750000000005,-0.002385375,-0.016543125
4.285,0.001614875,-0.000745875,-0.015498125000000001
4.29,0.0007795000000000001,-0.00487275,-0.011115375
4.295,0.005643875,-0.0033608750000000006,-0.018117
4.3,0.002511875,-0.0030240000000000006,-0.019599
4.305,-0.006592374999999999,0.002436125000000001,-0.01951425
4.31,-0.0055829999999999986,-0.0020186249999999987,-0.0153435
4.315,-0.007573749999999999,-0.0007242500000000001,-0.021902125
4.32,-0.004184875000000001,-0.001512249999999999,-0.019022
4.325,0.004187625,-0.007067999999999998,-0.014262250000000002
4.33,-0.0026968750000000005,-0.005392000000000001,-0.017405874999999998
4.335,-0.0005991250000000003,-0.003348375,-0.025259499999999997
4.34,-0.00525425,-0.007848250000000001,-0.008445375000000001
4.345,-0.00583825,-0.005576625,-0.022967125
4.35,-0.0034573750000000004,-0.003802,-0.02079325
4.355,0.00046987500000000024,-0.0007783750000000004,-0.018890375
4.36,-0.005226625,-0.003449875,-0.022430250000000002
4.365,-0.001633875,-0.00204,-0.0125015
4.37,0.00026749999999999994,-0.002093,-0.014912624999999999
4.375,-0.005696999999999999,-0.001278375,-0.025207375
4.38,-0.011942,-0.005549874999999999,-0.017280875
4.385,-0.005269625,-0.010006999999999999,-0.012580250000000001
4.39,-0.004389875000000001,-0.0056335000000000005,-0.021237375
4.395,-0.004416874999999998,-0.004762625000000001,-0.020651625
4.4,-0.002845124999999999,-7.26250000000002e-05,-0.019101875
4.405,-0.007628000000000001,-0.004031750000000001,-0.019762000000000002
4.41,-0.007949374999999998,-0.003986624999999999,-0.02025375
4.415,-0.009412375,-0.004196125,-0.022184875
4.42,-0.010352,-0.007209500000000001,-0.022447625000000002
4.425,-0.004502124999999999,-0.004961749999999999,-0.018667875
4.43,-0.015398249999999999,-0.004608625000000002,-0.0250045
4.435,-0.015859374999999995,-0.0015489999999999996,-0.015744875
4.44,-0.016139625,-0.007905625,-0.028192375
4.445,-0.012819,-0.008683125,-0.024990125
4.45,-0.006475874999999999,-0.00919675,-0.02112775
4.455,-0.006218875,-0.005393249999999999,-0.025368249999999995
4.46,-0.013563,-0.006670874999999999,-0.030670625
4.465,-0.010778624999999998,-0.00940225,-0.022492874999999996
4.47,-0.00930975,-0.004443,-0.020024499999999997
4.475,-0.012749875000000003,-0.00945325,-0.030860125000000002
4.48,-0.01515,-0.011591500000000001,-0.02339075
4.485,-0.009419,-0.009845875,-0.024032249999999998
4.49,-0.016839875000000004,-0.007134375,-0.015711749999999997
4.495,-0.017419125,-0.0050436249999999995,-0.032528875
4.5,-0.009222874999999998,-0.009965,-0.019416375000000003
4.505,-0.013208250000000001,-0.011418875000000002,-0.026983249999999997
4.51,-0.013322125,-0.010109375000000004,-0.023341124999999997
4.515,-0.01530925,-0.011452,-0.030312875
4.52,-0.021512749999999997,-0.012469749999999996,-0.019792875
4.525,-0.010418249999999999,-0.012413624999999998,-0.024227625000000003
4.53,-0.01008325,-0.0021341250000000015,-0.0213865
4.535,-0.00676675,-0.012024749999999997,-0.01595675
4.54,-0.014233,-0.010723875,-0.023705875
4.545,-0.014221625,-0.014787375000000002,-0.025186625
4.55,-0.020503000000000004,-0.01308625,-0.02438575
4.555,-0.016892624999999998,-0.012853874999999999,-0.0223265
4.56,-0.011357500000000001,-0.010348125,-0.024305375
4.565,-0.011196249999999998,-0.007025125000000002,-0.029238875
4.57,-0.009802,-0.011997375000000001,-0.023827
4.575,-0.012030625,-0.011275625,-0.020480749999999995
4.58,-0.022704250000000002,-0.008171249999999998,-0.017481999999999998
4.585,-0.006973000000000001,-0.01089475,-0.0233555
4.59,-0.005557999999999999,-0.013715874999999999,-0.025000125000000005
4.595,-0.013531375000000002,-0.009465124999999998,-0.02129325
4.6,-0.010401375000000003,-0.007221875000000001,-0.0198185
4.605,-0.005465874999999999,-0.009988000000000002,-0.029107374999999998
4.61,-0.015576375,-0.015794750000000003,-0.023359625
4.615,-0.0126995,-0.006897125,-0.03167175
4.62,-0.009668250000000001,-0.010853999999999999,-0.021561125
4.625,-0.0163,-0.009226999999999999,-0.025938750000000003
4.63,-0.013553374999999998,-0.008737749999999999,-0.025881875
4.635,-0.01625275,-0.010417875000000002,-0.023332875000000003
4.64,-0.018462625,-0.015701125000000003,-0.02138475
4.645,-0.005086874999999999,-0.0059517500000000004,-0.022019875
4.65,-0.0062372500000000015,-0.014169250000000001,-0.026435
4.655,-0.013293,-0.010013749999999998,-0.02625125
4.66,-0.001748749999999999,-0.015162125000000002,-0.0192775
4.665,-0.013704250000000001,-0.0035893749999999975,-0.01957425
4.67,-0.010245750000000001,-0.00650975,-0.023826125000000004
4.675,-0.009548375000000001,-0.007959875000000002,-0.0159095
4.68,-0.004760499999999999,-0.009889624999999999,-0.020614375000000004
4.685,-0.0029005000000000003,-0.010024749999999999,-0.019558
4.69,-0.006792625000000001,-0.011776875000000001,-0.020434124999999997
4.695,-0.006782125,-0.009746249999999998,-0.022195375
4.7,-0.00964425,-0.008089124999999999,-0.026968625000000003
4.705,-0.007684374999999999,-0.0009168750000000002,-0.025461375
4.71,-0.007479375000000001,-0.010706375,-0.0204705
4.715,-0.00017612500000000007,-0.006762000000000001,-0.014646625
4.72,-0.0031146250000000006,-0.006862125,-0.014425875000000001
4.725,-0.0018764999999999997,-0.007672125,-0.019819875
4.73,-0.012451999999999998,-0.003972125000000002,-0.021685499999999996
4.735,-0.007306875000000001,-0.0038083749999999997,-0.01517325
4.74,-0.013149,-0.0018346250000000012,-0.020185124999999998
4.745,-0.013759500000000001,-0.008511250000000001,-0.019015125
4.75,-0.008886375000000002,-0.010400375,-0.016477875000000003
4.755,-0.01527225,-0.010687499999999999,-0.019925500000000002
4.76,-0.007120625000000001,-0.005004999999999999,-0.022316125000000003
4.765,-0.008956625000000001,-0.009135625,-0.022941625
4.77,-0.008794625,-0.004738375000000001,-0.021937875
4.775,-0.017282125,-0.004907999999999999,-0.0221785
4.78,-0.012645499999999997,-0.0030942499999999993,-0.013250999999999999
4.785,-0.014692125,-0.006145625,-0.025280125
4.79,-0.009591000000000002,-0.0069258750000000015,-0.017576249999999998
4.795,-0.011148124999999998,-0.004077124999999998,-0.022426124999999998
4.8,-0.003652,-0.0034536249999999997,-0.026766875000000002
4.805,-0.009071125000000003,-0.008575125,-0.017285375
4.81,-0.010805375000000002,-0.003769250000000001,-0.0141735
4.815,-0.008038375,-0.006267,-0.01560425
4.82,-0.011603375,-0.007835,-0.015588874999999999
4.825,-0.010536125,-0.003618499999999997,-0.019681500000000005
4.83,-0.009035874999999999,-0.006274749999999999,-0.0158665
4.835,-0.007237500000000001,-0.0040999999999999995,-0.025024499999999998
4.84,-0.00656975,-0.003140375,-0.013100500000000001
4.845,-0.013327625,-0.006040374999999999,-0.024316499999999998
4.85,-0.002875250000000001,-0.009880374999999999,-0.02153075
4.855,-0.00678575,-0.0053393749999999995,-0.018147375
4.86,-0.008618249999999997,-0.005514124999999997,-0.019843000000000003
4.865,-0.011359500000000002,-0.004012625,-0.02297
4.87,-0.007393625000000001,-0.0033821249999999997,-0.026800875000000002
4.875,-0.007763124999999999,-0.004774374999999997,-0.018054874999999998
4.88,-0.009944374999999998,-0.007422124999999996,-0.019759375000000003
4.885,-0.007172875,-0.007089624999999999,-0.021968249999999998
4.89,-0.008524750000000001,-0.001682125,-0.024756
4.895,-0.015057500000000001,-0.0017773749999999986,-0.026629999999999997
4.9,-0.016975625,-0.010185125,-0.026951875
4.905,-0.007882,-0.0015581249999999992,-0.024215875
4.91,-0.014046125000000001,-0.014939500000000001,-0.021907375
4.915,-0.007010625,-0.008809,-0.018575625
4.92,-0.00674875,0.0014148749999999986,-0.021464874999999998
4.925,-0.0054366250000000005,-0.008003500000000002,-0.026894750000000002
4.93,-0.012591375,0.0012782500000000003,-0.020588125
4.935,-0.0028899999999999998,-0.004152624999999999,-0.018125500000000003
4.94,-0.006670250000000001,-0.0023749999999999978,-0.026944125000000003
4.945,-0.00803725,0.002517625,-0.024057625000000003
4.95,-0.008674125000000001,-0.00241625,-0.018907124999999997
4.955,-0.008604375000000001,-0.005778624999999997,-0.026245875000000002
4.96,-0.0016774999999999993,-0.004728125,-0.026968374999999996
4.965,0.0029653749999999993,-0.002145,-0.021823125000000002
4.97,-0.005757374999999999,-0.0008833750000000009,-0.01918275
4.975,-0.001565250000000001,0.002543,-0.021426
4.98,0.0008443750000000001,-0.005194875,-0.020768
4.985,0.0031982499999999997,-0.004071874999999998,-0.0228035
4.99,-0.0032278750000000003,-6.625000000000554e-06,-0.023707625000000003
4.995,0.0005768749999999997,-0.007759125000000001,-0.021901250000000004
