tau_seconds,allan_deviation
0.005,0.00016823616346762382
0.01,0.000221751907776364
0.015,0.0002822731276768896
0.02,0.0003351381090195083
0.025,0.0003956013066575482
0.03,0.00045013099370415984
0.035,0.0005048792283464358
0.04,0.0005673490146417874
0.045,0.0006168780027019095
0.055,0.0007135916765869453
0.06,0.0007620257420553378
0.07,0.0008630233110245514
0.08,0.0009608045792353574
0.09,0.0010552450831883347
0.1,0.0011386481022245482
0.115,0.0012950277377985187
0.135,0.0014363902840590806
0.15,0.0015457090315917298
0.17,0.0017193116772693307
0.195,0.0019255939462141283
0.22,0.0019588406041920756
0.25,0.0021650669557118536
0.28500000000000003,0.002292467559310567
0.325,0.002554481265823709
0.37,0.0028397595957360203
0.42,0.002767631810655195
0.48,0.0030678879161047837
0.545,0.00335468593545545
0.615,0.00352896276394097
0.7000000000000001,0.0034383356719386044
0.795,0.004248371796224782
0.905,0.004472151603960001
1.025,0.004094589118606752
1.165,0.002887712579349642
1.325,0.0024465545685674814
1.5050000000000001,0.0013840941244915288
1.705,0.0012973371024256233
1.935,0.001539920695850738
2.2,0.0013364415122794372
2.495,0.001284637438273235
