axis,gyro_a,gyro_b,correlation
x,gyro1_x,gyro2_x,0.5967219529279829
x,gyro1_x,gyro3_x,0.7545783925947417
x,gyro1_x,gyro4_x,0.5748728878400328
x,gyro1_x,gyro5_x,0.5236606975385018
x,gyro1_x,gyro6_x,0.62331042500718
x,gyro1_x,gyro7_x,0.5541690610524338
x,gyro1_x,gyro8_x,0.5614477131918443
x,gyro2_x,gyro3_x,0.6224016959600954
x,gyro2_x,gyro4_x,0.5061367025790934
x,gyro2_x,gyro5_x,0.4434696284798902
x,gyro2_x,gyro6_x,0.6476543456955094
x,gyro2_x,gyro7_x,0.6194924084307447
x,gyro2_x,gyro8_x,0.5384050949121721
x,gyro3_x,gyro4_x,0.5386712908653873
x,gyro3_x,gyro5_x,0.5702720246688472
x,gyro3_x,gyro6_x,0.8245941049550759
x,gyro3_x,gyro7_x,0.4514293839444257
x,gyro3_x,gyro8_x,0.5519902714291994
x,gyro4_x,gyro5_x,0.49219103973321
x,gyro4_x,gyro6_x,0.6381852629816434
x,gyro4_x,gyro7_x,0.5901511458395987
x,gyro4_x,gyro8_x,0.7841268240275702
x,gyro5_x,gyro6_x,0.6342745574374801
x,gyro5_x,gyro7_x,0.5412410384381
x,gyro5_x,gyro8_x,0.527081128805844
x,gyro6_x,gyro7_x,0.5064891425103714
x,gyro6_x,gyro8_x,0.6757113661378071
x,gyro7_x,gyro8_x,0.6229929793557838
y,gyro1_y,gyro2_y,0.44488727708611475
y,gyro1_y,gyro3_y,0.3025235411198617
y,gyro1_y,gyro4_y,0.2138919493342073
y,gyro1_y,gyro5_y,0.27651137017214866
y,gyro1_y,gyro6_y,0.3627409939642307
y,gyro1_y,gyro7_y,0.40215755739091863
y,gyro1_y,gyro8_y,0.3233398731838302
y,gyro2_y,gyro3_y,0.703590500188018
y,gyro2_y,gyro4_y,0.6429034743445665
y,gyro2_y,gyro5_y,0.49105847345757164
y,gyro2_y,gyro6_y,0.7569935386618704
y,gyro2_y,gyro7_y,0.6532713659769019
y,gyro2_y,gyro8_y,0.5974904876550692
y,gyro3_y,gyro4_y,0.6267983857860232
y,gyro3_y,gyro5_y,0.3567553044588691
y,gyro3_y,gyro6_y,0.4485541169100316
y,gyro3_y,gyro7_y,0.7321427129228867
y,gyro3_y,gyro8_y,0.6076743177301148
y,gyro4_y,gyro5_y,0.14673854837020558
y,gyro4_y,gyro6_y,0.3905932375142869
y,gyro4_y,gyro7_y,0.6128113145345326
y,gyro4_y,gyro8_y,0.7291356744590685
y,gyro5_y,gyro6_y,0.6767916514763409
y,gyro5_y,gyro7_y,0.2552175401424983
y,gyro5_y,gyro8_y,-0.07377369609468819
y,gyro6_y,gyro7_y,0.3283611103850255
y,gyro6_y,gyro8_y,0.29179616370261674
y,gyro7_y,gyro8_y,0.673493879355904
z,gyro1_z,gyro2_z,0.43014541055222083
z,gyro1_z,gyro3_z,0.21701897904158393
z,gyro1_z,gyro4_z,0.33178493974848644
z,gyro1_z,gyro5_z,0.42699194094492443
z,gyro1_z,gyro6_z,0.6067365403103918
z,gyro1_z,gyro7_z,0.030289659900499543
z,gyro1_z,gyro8_z,0.0734282445453854
z,gyro2_z,gyro3_z,0.42783467297708677
z,gyro2_z,gyro4_z,0.5653033342100703
z,gyro2_z,gyro5_z,0.5029778417129751
z,gyro2_z,gyro6_z,0.46416150229170017
z,gyro2_z,gyro7_z,0.6421099353799222
z,gyro2_z,gyro8_z,0.6036545256580641
z,gyro3_z,gyro4_z,0.5984409603035177
z,gyro3_z,gyro5_z,0.6658755824722757
z,gyro3_z,gyro6_z,0.2570518655917304
z,gyro3_z,gyro7_z,0.3927764679698016
z,gyro3_z,gyro8_z,0.4044482092299872
z,gyro4_z,gyro5_z,0.7311593413036698
z,gyro4_z,gyro6_z,0.5881465183644646
z,gyro4_z,gyro7_z,0.681690760360796
z,gyro4_z,gyro8_z,0.6711514752630912
z,gyro5_z,gyro6_z,0.45687554196367514
z,gyro5_z,gyro7_z,0.4732420278472731
z,gyro5_z,gyro8_z,0.4963781281004199
z,gyro6_z,gyro7_z,0.4341418077758345
z,gyro6_z,gyro8_z,0.4128706144106982
z,gyro7_z,gyro8_z,0.8756537781236815
